"commentDate","commentText"
"2025-06-22 16:10:01","H03🎖️
https://www.h03v.com?chn=bnRfaDAzX2NtMw==&id=MTg5NDM3MTk4
Superspin🥇p1
https://bit.ly/3HAiYvI
G668🥇
https://s.id/3PrlZ
Seru🥇
https://s.id/vOoLG
Mgm 🥇
https://s.id/MegaTopjp2"
"2025-06-22 15:38:51","Harinya sudah datang, mari meramaikan hari ini
Ernia Widyatmoko"
"2025-06-22 15:10:34","mantap linkBONBON777 berani kasi kemenangan besar untuk orang baru"
"2025-06-22 15:07:20","WD lagi coy di MAHASLOT royal bro 20jt dikasih nya hahah mantap #MAHASLOT"
"2025-06-22 15:06:58","Danagame🔥
https://sharedanagame.asia?pid=370549113&pkg=com.danagame.app"
"2025-06-22 14:12:50","Gacor parah ey mantap #MAHASLOT"
"2025-06-22 13:17:12","🤑Udah Siap Buat Klaim 𝗙𝗥𝗘𝗘𝗕𝗘𝗧 𝗣𝗘𝗣𝗘𝟴𝟴𝟵 ?

Cara Klaim :
✨GrupTelegram👇👇
https://t.me/pepe889groupfreebet
✨Link Daftar👇👇
https://mez.ink/party
• Login 
• Klik PROMO SAYA
• Klik BONUS SAYA
• Masukkan KODE
• Klik APPLY"
"2025-06-22 12:22:17","Kkwin🔥baru .
https://bit.ly/Kkwinbarurilis"
"2025-06-22 12:17:15","𝐒𝐇𝐈𝐎𝐊𝐀𝐌𝐁𝐈𝐍𝐆𝟓  Link paling ajaib kasih scatter Tanpa hitungan modal besar langsung di kasih JP"
"2025-06-22 09:34:08","Ku kira isi nya ga sesuai ekspetasi ternyata,,gilak bener bray Cobain aja kalau ga caya tqBONBON777"
"2025-06-22 09:30:31","🔥 SPECIAL NEW PROVIDER GAME PANASNYA GGSOFT #PANEN138

🔥HANYA DENGAN MODAL 50RIBU BISA WEDE 4JUTA

💥NIKMATI CUAN DENGAN MAIN DI PANEN138💸

LINK DAFTAR :https://heylink .me/maricuanbersamapanen138"
"2025-06-22 09:23:41","Info aja lur selagi masih bagus'nya baru dikash jepe besar gacor linkSAKAU007"
"2025-06-22 06:56:21","💱List apk Slot WD Tampa DP
❓Depo 50k +20k Bonus (New member )
1.Superspin➡️
Link apk⬇️
https://www.superspin.cloud?chn=bnRfc3VwZXJzcGluX2Jn&id=Nzk5NjgyNTEx
2.RR777➡️
link apk⬇️
https://www.rrvip8.com?chn=cnI3NzdfaWQ3X250bGExMA==&id=MTk4MjI3NjUy
3.8638slots➡️
Link apk⬇️
https://www.8638slots2.com?chn=ODYzOHNsb3RzX2lkM19udGxhODQ=&id=OTU4MTYyOTIw
4.SP212➡️
Link apk⬇️ https://www.sp252.com?chn=bnRfc3BpbnJw&id=ODI1MjkyMjQ1
5.Big winner➡️
Link apk ⬇️
https://bigwinner6.com?chn=bnRfNzc3d2luX2Jn&id=ODYyNDgwNDk5"
"2025-06-22 04:08:03","Puput Melani"
"2025-06-22 00:56:03","🔥 SPECIAL NEW PROVIDER GAME PANASNYA GGSOFT #SLT138

🔥HANYA DENGAN MODAL 50RIBU BISA WEDE 4JUTA

💥NIKMATI CUAN DENGAN MAIN DI SLT138💸

LINK DAFTAR :https://lanjutmasuks138 .click/login/"
"2025-06-21 20:54:06","Hmm"
"2025-06-21 20:00:01","*Mantap cuk auto jp main disini*

https://rawit128.biz/vrpy

#rawit128baru"
"2025-06-21 18:50:49","https://8idshare.vip?pid=459006045&pkg=com.eightid164.channel"
"2025-06-21 18:47:18","https://bingurl.org/TUKANG-D"
"2025-06-21 18:34:18","Widih gacor nya bener bener mantap #MAHASLOT WD terus Tampa Rungkat mantap"
"2025-06-21 18:32:30","𝐒 𝐎 𝐋 𝐔 𝐒 𝐈 𝐖 𝐈 𝐍 𝐫𝐞𝐤𝐨𝐦𝐞𝐧𝐝𝐚𝐬𝐢 𝐲𝐚𝐧𝐠 𝐬𝐚𝐧𝐠𝐚𝐭 𝐚𝐦𝐚𝐧 𝐭𝐞𝐫𝐩𝐞𝐫𝐜𝐚𝐲𝐚"
"2025-06-21 18:30:51","Widih gacor nya bener bener mantap #MAHASLOT WD terus Tampa Rungkat mantap"
"2025-06-21 18:11:16","𝐒 𝐎 𝐋 𝐔 𝐒 𝐈 𝐖 𝐈 𝐍 𝐫𝐞𝐤𝐨𝐦𝐞𝐧𝐝𝐚𝐬𝐢 𝐲𝐚𝐧𝐠 𝐬𝐚𝐧𝐠𝐚𝐭 𝐚𝐦𝐚𝐧 𝐭𝐞𝐫𝐩𝐞𝐫𝐜𝐚𝐲𝐚"
"2025-06-21 17:25:08","Info situs gacor dong inbox kalau ada"
"2025-06-21 16:40:30","Singa🔥
https://bit.ly/441ZoQl"
"2025-06-21 16:33:09","Luxury 88🥇
https://www.luxury888.co?chn=bnRfbHVja3lycA==&id=MTUyODMxNzE2
Sd107🥇
http://h5.slotsidr2.com?chn=bnRfc2xvdHNpZHI=&id=ODU4NDM0ODkz
Sia🥇
https://www.sxxplay.com?chn=bnRfc2lhNzc3&id=OTA4MTA1MTIz
St789🥇
https://h5.st777a.vip?chn=bnRfc3Q3Nzc=&id=NDIzMTQ3Nzk0
Rpwinner 2🎖️
https://bit.ly/4jO5r0I
L777🎖️
https://h5.l77723.top?chn=bDcwMzA=&id=Nzc5MzExODky

Askasino🥇
https://bit.ly/4kMGjch

Sm605🥇
https://s.id/JnRTv

Rvip2 🎖️
https://s.id/Bfoa8

Satu77🥇
https://s.id/L3bVx"
"2025-06-21 15:56:51","Baru"
"2025-06-21 15:56:39","Okjkt🎖️
https://okjktmice.com/?c=KCZUOS"
"2025-06-21 15:06:41","GK ragu klo mau milih itu ya tetap mahaslot lah yg gacor nya GK ketulungan barusan WD lagi coy 8jt #MAHASLOT"
"2025-06-21 15:03:41","GK ragu klo mau milih itu ya tetap mahaslot lah yg gacor nya GK ketulungan barusan WD lagi coy 8jt #MAHASLOT"
"2025-06-21 13:34:42","Jkt8🎖️
https://jkt8appstore.com/?c=ISIUXX"
"2025-06-21 13:09:31","Wd nya sdh lancar ya bosku"
"2025-06-21 13:05:44","Superspin
https://bit.ly/4mZI3R4"
"2025-06-21 09:49:37","CUMA DI GOCAP123 MAIN TIAP HARI DAPAT BONUS TIAP HARI"
"2025-06-21 09:33:15","Ledakin"
"2025-06-21 09:33:07","@sorotan"
"2025-06-21 08:41:03","paling terpercaya 𝗥𝗔𝗠𝗔𝗧𝗢𝗚𝗘𝗟
paling terpercaya 𝗥𝗔𝗠𝗔𝗧𝗢𝗚𝗘𝗟
paling terpercaya 𝗥𝗔𝗠𝗔𝗧𝗢𝗚𝗘𝗟
paling terpercaya 𝗥𝗔𝗠𝗔𝗧𝗢𝗚𝗘𝗟
paling terpercaya 𝗥𝗔𝗠𝗔𝗧𝗢𝗚𝗘𝗟"
"2025-06-20 12:52:09","Hhh ga bisa narik"
"2025-06-21 07:46:06","https://t.ly/Wk5Tc"
"2025-06-21 07:35:44","super oke 𝗥𝗔𝗠𝗔𝗧𝗢𝗚𝗘𝗟
super oke 𝗥𝗔𝗠𝗔𝗧𝗢𝗚𝗘𝗟
super oke 𝗥𝗔𝗠𝗔𝗧𝗢𝗚𝗘𝗟
super oke 𝗥𝗔𝗠𝗔𝗧𝗢𝗚𝗘𝗟
super oke 𝗥𝗔𝗠𝗔𝗧𝗢𝗚𝗘𝗟"
"2025-06-21 05:24:12","ayok gaes main di situs kami  𝐀𝐋𝐄𝐗𝐈𝐒𝐓*𝐆𝐄𝐋 selalu di kasi wede, lancar pula ga ada masalah apa2,pokoknya wew lah🔥🔥🔥🔥"
"2025-06-21 01:55:01","🔥 SPECIAL NEW PROVIDER GAME PANASNYA GGSOFT #SLOT138

🔥HANYA DENGAN MODAL 50RIBU BISA WEDE 4JUTA

💥NIKMATI CUAN DENGAN MAIN DI SLOT138💸

LINK DAFTAR :https://lanjutmasuks138 .click/login/"
"2025-06-20 21:13:54","Wajib di coba sih di 💥𝘽𝙀𝙍𝘼𝙉𝙄𝙒𝙄𝙉💥. mBY"
"2025-06-20 19:57:05","Depo awal sebelum wd 👍"
"2025-06-20 19:30:56","Gak perlu skill khusus buat sukses di💥𝘽𝙀𝙍𝘼𝙉𝙄𝙒𝙄𝙉💥. rZ"
"2025-06-20 19:19:55","mahjong skketernya keluar mulu say di 💥𝘽𝙀𝙍𝘼𝙉𝙄𝙒𝙄𝙉💥 Cja"
"2025-06-20 18:49:55","Bonus bulanan sudah cair 💥𝘽𝙀𝙍𝘼𝙉𝙄𝙒𝙄𝙉💥, waktunya menikmati hasil  NNQ"
"2025-06-20 18:27:55","si mbah zeus ngamuk wingi😁, metu x500 wingi di kei karok situs 🔥𝘽𝙀𝙍𝘼𝙉𝙄𝙒𝙄𝙉🔥😁 agr"
"2025-06-20 18:20:09","Ayo, bre, raih kemenangan besar di 🔥𝘽𝙀𝙍𝘼𝙉𝙄𝙒𝙄𝙉🔥 bersama-sama!😎 TLt"
"2025-06-20 18:14:35","cek google 🎂 🔥𝘽𝙀𝙍𝘼𝙉𝙄𝙒𝙄𝙉🔥 🎂 Mantap bosku, , makasih uda kasih saran main di situs ini mcm"
"2025-06-20 18:05:00","𝐒 𝐎 𝐋 𝐔 𝐒 𝐈 𝐖 𝐈 𝐍 𝐫𝐞𝐤𝐨𝐦𝐞𝐧𝐝𝐚𝐬𝐢 𝐲𝐚𝐧𝐠 𝐬𝐚𝐧𝐠𝐚𝐭 𝐚𝐦𝐚𝐧 𝐭𝐞𝐫𝐩𝐞𝐫𝐜𝐚𝐲𝐚"
"2025-06-20 18:04:20","Kiamat sudah dekat"
"2025-06-20 17:46:19","Sp777🥇
https://www.sp777.com?chn=bnRfc3A3NzdfY3Qy&id=NDkzODcyNDcx
Spinrp 🥇
https://h5.sp2game.com?chn=c3BpbnJwX2lkX250bGE4Ng==&id=OTM1MTQxNTk4
Vita🥇
https://h5.vita555.me?chn=bnRfaXc3NzdfY3Q=&id=OTYyMDczODcy
9399🥇
https://www.aa9399.com?chn=bnRfOTM5OQ==&id=ODk0MjUwMjYx"
"2025-06-20 17:39:40","tes aja PG SOFT nya 𝗛𝗜𝗠𝗔𝗟𝗔𝗬𝗔𝟰𝗗 maseeh gampang banget turun scatter sama perkalian nya"
"2025-06-20 17:33:05","Win199🎖️💥
https://www.win199.win?chn=bnRfd2luMTk5X2N0&id=NTE5Mjg3MDA2
Haya77🎖️💥
https://www.dmd999.com?chn=aGF5YTc3N19pZDNfbnRsYTE%3D&id=MzU1ODI1MDMy
F08🎖️💥
https://h5.f08.ai?chn=bnRfa3A3NzdfY3Qz&id=MTcyNzk1NDIx

Hot985🥇💥
https://hot985.top?chn=bnRfaG90OTg1X2N0&id=NDc3NDMzMzUx
3126🥇💥
https://h5.312600.cc?chn=bnRfMzEyNl9iZw==&id=Njc1ODQ0NzM3"
"2025-06-20 17:29:49","mantul eng situs #MAHASLOT gas abiz di jamin 100% JP guys buru' cobain dahh"
"2025-06-20 17:26:59","Rpwin1👍
https://www.rpwin1.com?chn=bnRfcnB3aW4xX2N0Mg==&id=ODc1NTE2Njc0
Lucky72👍
https://h5.lucky72.io?chn=bHVja3k3Ml9pZDhfbnRsYTM=&id=MzQ2MTMyMzYx
Mz356👍
https://8658fbbt.com?chn=bnRfODY1OA==&id=Mjg5MjgyMDI2

Rvip2 👍
https://www.rvip2.cc?chn=bnRfcnZpcDJfY3Qy&id=Njc2NDgwNDQw"
"2025-06-20 17:19:58","Hajar bang"
"2025-06-20 17:19:00","S13 🥇
https://s846fc.com?chn=bnRfbHVja3lkZg==&id=Njg3NzQzOTQw
Luckywin 🎖️
https://www.08frcp.click/DSt3971fz1/index.html?channel=invite&invite_uid=2634271:0&sign=76910bb188
Luckytopia🎖️
https://h5.luckytopia14.com?chn=bHVja3l0b3BpYV9pZDRfbnRsYTM=&id=MTQ3MjQwNzM1"
"2025-06-20 17:12:53","Ledakin🔥🔥🔥"
"2025-06-20 17:12:39","Masih hangat"
"2025-06-20 17:12:19","8180🎖️
https://bit.ly/8180ApkGcorterupdate1
Zk988🎖️
https://h5.zk988s.com?chn=bnRfems5ODhfY3Qz&id=MzY2MzQzMjE5
Jj62🎖️
https://h5.jj62web.com?chn=amo2Ml9pZDNfbnRsYTk5&id=NzYzMTI2NzE3
33zk🎖️
https://h5.338zk.com?chn=bnRfMzN6a19jdA==&id=NjgwMDgwNjA2
Pc777🎖️
https://h5.pc8pc.com?chn=bnRfcGM3Nzc=&id=NjEwNTc4NTI4"
"2025-06-20 16:56:57","H03🎖️
https://www.h03v.com?chn=bnRfaDAzX2NtMw==&id=MTg5NDM3MTk4
Superspin🥇p1
https://bit.ly/3HAiYvI
G668🥇
https://s.id/3PrlZ
Seru🥇
https://s.id/vOoLG"
"2025-06-20 16:37:55","si mbah zeus ngamuk wingi😁, metu x500 wingi di kei karok situs 🔥𝘽𝙀𝙍𝘼𝙉𝙄𝙒𝙄𝙉🔥😁 YHH"
"2025-06-20 16:37:13","https://www.svip2f.com?chn=c3ZpcDJfaWQ4X250bGE0OQ==&id=OTExNjc3ODI0 gacorr"
"2025-06-20 16:36:01","ngangkat lumayan diBONBON777 main zeus 1000 tadi"
"2025-06-20 16:20:49","gk perlu perkalian besar, asalkan pecahannya banyak bro wkwkwBONBON777"
"2025-06-20 16:14:12","Top🚀"
"2025-06-20 16:11:46","Pk95a🥇
https://bit.ly/4jTAmsT
Rpwinner🥇2
https://bit.ly/4jO5r0I
Dy01 🥇
https://bit.ly/dy01wdlancar
8055🥇
https://bit.ly/8055topshoot
D06 🥇
https://bit.ly/d060vipTop2"
"2025-06-20 16:05:09","Terbaru ((Zk988))
https://www.zk988.com?chn=bnRfems5ODhfY3Qz&id=MzY2MzQzMjE5

((Jj62))
https://h5.jj62web.com?chn=amo2Ml9pZDNfbnRsYTk5&id=NzYzMTI2NzE3

https://h5.rvip2.co?chn=bnRfcnZpcDJfY3Qy&id=Njc2NDgwNDQw"
"2025-06-20 16:04:36","Andalan banget jni #MAHASLOT bener bener dikasih jp terus mantap"
"2025-06-20 15:44:40","Abis WD 15jt nih bos senggol dong #MAHASLOT  gacor parah ey"
"2025-06-20 15:31:05","@sorotan"
"2025-06-20 15:30:51","Kumpulan svip, free 20k bonus ikat akun👍
8svip 
https://cutt.ly/7rWA2hGk

6svip 
https://cutt.ly/NrWA8S7q

7svip 
https://cutt.ly/UrWA3PBN

Svip2 
https://cutt.ly/9rWA4dVr

Superspin 🔥 
https://cutt.ly/BrWPs3I6

Svip9 
https://cutt.ly/lrWA0Tkm

Svip5 
https://cutt.ly/SrWSqL1G"
"2025-06-20 15:03:14","kenapa main di mana pun susah menang.sekali cobain saran temen di 𝐩𝐥𝐚𝐳𝐚𝟒𝐃 di kasih jp"
"2025-06-20 15:02:14","yang terpercaya di 𝐩𝐥𝐚𝐳𝐚𝟒𝐃 kak,berapa pun menang nya uda pasti di bayar dengan cepat dan lunas"
"2025-06-20 13:52:48","𝐜𝐨𝐛𝐚 𝐜𝐨𝐛𝐚 𝐦𝐚𝐢𝐧 𝐝𝐢 𝐏𝐋𝐀𝐙𝐀𝟒𝐃 𝐞𝐦𝐚𝐧𝐠 𝐧𝐠𝐚𝐬𝐢𝐡 𝐛𝐚𝐧𝐠 𝐬𝐢𝐭𝐮𝐬 𝐥𝐮𝐚𝐫 𝐛𝐢𝐚𝐬𝐚 𝐝𝐢 𝐏𝐋𝐀𝐙𝐀𝟒𝐃 🤣"
"2025-06-20 13:37:21","Cari situs terpercaya? Gua udah coba langsung di 𝗝𝗘𝗥𝗨𝗞𝟭𝟮𝟯 🍊
Gacornya nyata, bonusnya juga beneran masuk 💸🔥"
"2025-06-20 13:36:54","Situs terpercaya tergacor bro cobain dah gas #MAHASLOT dikasih WD Mulu mantap"
"2025-06-20 12:53:56","inbox sini om ada yang lebih gacor"
"2025-06-20 12:48:20","EVENT SPESIAL BOMBANZA PRAGMATIC PLAY!         Putaran turun X25, X50, bahkan X100?         Jangan lewatkan kesempatan langka ini!         Dapatkan bonus hingga 10 juta rupiah hanya di MACAUSLOT188!         Main santai, cuan maksimal!         👉 https://bit.ly/43XW7l9 #EventBombanza #PragmaticPlay #Bonus10Juta #MACAUSLOT188 #PutaranX100"
"2025-06-20 10:27:50","🥰 PROVIDER BARUNYA GGSOFT #SLOT138

🔥NIKMATI EVENT SPECIAL GGSOFT 
BONUS PERKALIAN FANTASTIC

💥MAIN & NIKMATI CUAN LEBIH GAMPANG DI SLOT138

LINK DAFTAR :https://lanjutmasuks138 .click/login/"
"2025-06-20 09:23:08","Jkt8 
https://jkt8appstore.com/?c=ISIUXX"
"2025-06-20 08:55:22","Super Bagus #𝗛𝗦𝗪𝗜𝗡𝟱𝟱💎Very good good💯  🌊𝗛𝗦𝗪𝗜𝗡𝟱𝟱🌊𝑺𝒖𝒑𝒆𝒓 𝒃𝒂𝒊𝒌💯🌊𝗛𝗦𝗪𝗜𝗡𝟱𝟱🌊SUPER BAGUS                                        𝗛𝗦𝗪𝗜𝗡𝟱𝟱                                        SEMOGA REJEKINYA NULAR BOS 🌠🌠𝑺𝒖𝒑𝒆𝒓 𝒃𝒂𝒊𝒌💯🌊𝗛𝗦𝗪𝗜𝗡𝟱𝟱🌊𝑺𝒖𝒑𝒆𝒓 𝒃𝒂𝒊𝒌💯🌊𝗛𝗦𝗪𝗜𝗡𝟱𝟱🌊Very good good💯  🌊𝗛𝗦𝗪𝗜𝗡𝟱𝟱🌊SUPER BAGUS                                       𝗛𝗦𝗪𝗜𝗡𝟱𝟱                                          SEMOGA REJEKINYA NULAR BOS 🌠🌠"
"2025-06-20 08:55:21","น่ารักมากเลยค่ะ.#𝗛𝗦𝗪𝗜𝗡𝟱𝟱  Super Bagus  𝗛𝗦𝗪𝗜𝗡𝟱𝟱  💎Super Bagus #💎Very good good💯 
🌊𝗛𝗦𝗪𝗜𝗡𝟱𝟱 🌊𝑺𝒖𝒑𝒆𝒓 𝒃𝒂𝒊𝒌💯🌊𝗛𝗦𝗪𝗜𝗡𝟱𝟱 🌊SUPER BAGUS                                        𝗛𝗦𝗪𝗜𝗡𝟱𝟱                                           SEMOGA REJEKINYA NULAR BOS 🌠🌠𝑺𝒖𝒑𝒆𝒓 𝒃𝒂𝒊𝒌💯🌊𝗛𝗦𝗪𝗜𝗡𝟱𝟱 🌊𝑺𝒖𝒑𝒆𝒓 𝒃𝒂𝒊𝒌💯🌊𝗛𝗦𝗪𝗜𝗡𝟱𝟱 🌊Very good good💯 
🌊𝗛𝗦𝗪𝗜𝗡𝟱𝟱 🌊SUPER BAGUS                                           𝗛𝗦𝗪𝗜𝗡𝟱𝟱                                      SEMOGA REJEKINYA NULAR BOS 🌠🌠"
"2025-06-20 08:55:20","Super Bagus 𝗛𝗦𝗪𝗜𝗡𝟱𝟱
 𝑺𝒖𝒑𝒆𝒓 𝒃𝒂𝒊𝒌 𝗛𝗦𝗪𝗜𝗡𝟱𝟱
 SUPER GREAT 𝗛𝗦𝗪𝗜𝗡𝟱𝟱 ♨️
 สวยงามมาก💯 𝗛𝗦𝗪𝗜𝗡𝟱𝟱"
"2025-06-20 08:55:19","Super Bagus #𝗛𝗦𝗪𝗜𝗡𝟱𝟱 🎱𝚂𝚊𝚗𝚐𝚊𝚝 𝙱𝚊𝚐𝚞𝚜🖤 𝗛𝗦𝗪𝗜𝗡𝟱𝟱 🎱Super Bagus 𝗛𝗦𝗪𝗜𝗡𝟱𝟱 🎱Super Bagus 𝗛𝗦𝗪𝗜𝗡𝟱𝟱🎱𝚂𝚊𝚗𝚐𝚊𝚝 𝙱𝚊𝚐𝚞𝚜🖤 𝗛𝗦𝗪𝗜𝗡𝟱𝟱 Super Baguss 𝗛𝗦𝗪𝗜𝗡𝟱𝟱 Super Hebat 𝗛𝗦𝗪𝗜𝗡𝟱𝟱  Super Baik 𝗛𝗦𝗪𝗜𝗡𝟱𝟱 สวยงามมาก🔥 💥 𝐝𝐢𝐤𝐚𝐬𝐢𝐡 𝐭𝐞𝐫𝐮𝐬 𝐤𝐞𝐫𝐞𝐧 𝐬𝐞𝐤𝐚𝐥𝐢   𝐉𝐚𝐲𝐚 𝐬𝐞𝐥𝐚𝐥𝐮 🎱🎱🎱🎱🎱🎱𝗛𝗦𝗪𝗜𝗡𝟱𝟱 👍"
"2025-06-20 07:06:21","Situs pinjol sedot WC"
"2025-06-20 03:26:14","Bingung cari situs aman terpercaya & RTP tinggi
QQMamibet solusinya nay boss
Link Alternatif : QQMAMIBET
GasBossku^^"
"2025-06-20 02:04:40","Rpwin1 
https://www.rpwin1.com?chn=bnRfcnB3aW4xX2N0Mg==&id=ODc1NTE2Njc0"
"2025-06-20 01:57:37","Duite"
"2025-06-20 00:18:24","BONUS BEGADANG 50+25 
- ALL MEMBER        
- SPESIAL NEW MEMBER ALL SLOT
- Deposit QRIS
- BEBAS BUYSPIN
- BEBAS IP, ALL SLOT

PENCARIAN GOOGLE : SITUSWD"
"2025-06-19 23:36:08","Apk Gacor  INA77 yang  Sudah terliris lama harian nya sangat tinggi hanya depo 100K bisa dptkan harian yang melipat ganda

Download Link di bawah👇👇
https://www.in858.com?chn=bnRfaW5hNzc3&id=MzM2NTI3ODY="
"2025-06-19 21:53:09","LINK ANTI RUNGKAT DAN PASTI JP 
 cari di google : slot gacor --hkb77"
"2025-06-19 18:31:27","*Mantap cuk auto jp main disini*

https://rawit128.biz/vrpy

#rawit128baru"
"2025-06-19 17:54:52","gak perlu banyak cakap kalau mau situs ini #Jeruk123 🍊gacor parah BG"
"2025-06-19 17:54:51","gak perlu banyak cakap kalau mau situs ini #Jeruk123 🍊gacor parah BG"
"2025-06-19 17:44:56","𝐇𝐚𝐧𝐲𝐚 𝐝𝐢 𝐒𝐎𝐋𝐔𝐒𝐈𝐖𝐈𝐍 𝐲𝐚𝐧𝐠 𝐦𝐮𝐝𝐚𝐡 𝐝𝐚𝐩𝐚𝐭 𝐜𝐮𝐚𝐧.
𝐑𝐞𝐤𝐨𝐦𝐞𝐧𝐝𝐚𝐬𝐢 𝐛𝐚𝐧𝐠𝐞𝐭 𝐛𝐮𝐚𝐭 𝐲𝐚𝐧𝐠 𝐛𝐮𝐭𝐮𝐡 𝐜𝐮𝐚𝐧.
𝐖𝐞𝐝𝐞 𝐛𝐞𝐫𝐚𝐩𝐚𝐩𝐮𝐧 𝐝𝐢 𝐛𝐚𝐲𝐚𝐫 𝐥𝐮𝐧𝐚𝐬 𝐚𝐦𝐚𝐧 𝐭𝐞𝐫𝐩𝐞𝐫𝐜𝐚𝐲𝐚.
#solusiwin"
"2025-06-19 17:10:07","Dikasih WD lagi gue bro mantap MAHASLOT royal parah #MAHASLOT"
"2025-06-19 15:53:37","Cek link apk👇 
https://www.facebook.com/share/19MKSjwZYP/"
"2025-06-19 15:52:20","Cek link apk👇 
https://www.facebook.com/share/19MKSjwZYP/"
"2025-06-19 15:21:10","Abis WD 20jt dimahaslot bro senggol dong mantap #MAHASLOT"
"2025-06-19 14:42:47","Super Bagus 𝗛𝗦𝗪𝗜𝗡𝟱𝟱
 𝑺𝒖𝒑𝒆𝒓 𝒃𝒂𝒊𝒌 𝗛𝗦𝗪𝗜𝗡𝟱𝟱
 SUPER GREAT 𝗛𝗦𝗪𝗜𝗡𝟱𝟱 ♨️
 สวยงามมาก💯 𝗛𝗦𝗪𝗜𝗡𝟱𝟱"
"2025-06-19 14:42:46","Super Bagus #𝗛𝗦𝗪𝗜𝗡𝟱𝟱 🎱𝚂𝚊𝚗𝚐𝚊𝚝 𝙱𝚊𝚐𝚞𝚜🖤 𝗛𝗦𝗪𝗜𝗡𝟱𝟱 🎱Super Bagus 𝗛𝗦𝗪𝗜𝗡𝟱𝟱 🎱Super Bagus 𝗛𝗦𝗪𝗜𝗡𝟱𝟱🎱𝚂𝚊𝚗𝚐𝚊𝚝 𝙱𝚊𝚐𝚞𝚜🖤 𝗛𝗦𝗪𝗜𝗡𝟱𝟱 Super Baguss 𝗛𝗦𝗪𝗜𝗡𝟱𝟱 Super Hebat 𝗛𝗦𝗪𝗜𝗡𝟱𝟱  Super Baik 𝗛𝗦𝗪𝗜𝗡𝟱𝟱 สวยงามมาก🔥 💥 𝐝𝐢𝐤𝐚𝐬𝐢𝐡 𝐭𝐞𝐫𝐮𝐬 𝐤𝐞𝐫𝐞𝐧 𝐬𝐞𝐤𝐚𝐥𝐢   𝐉𝐚𝐲𝐚 𝐬𝐞𝐥𝐚𝐥𝐮 🎱🎱🎱🎱🎱🎱𝗛𝗦𝗪𝗜𝗡𝟱𝟱 👍"
"2025-06-19 14:05:46","https://www.d060.com?chn=bnRfZDA2X2Jn&id=OTI5MzA0MzMw"
"2025-06-19 14:04:10","Lucky72.
https://www.lucky72.org?chn=bHVja3k3Ml9pZDhfbnRsYTM=&id=MzQ2MTMyMzYx"
"2025-06-19 13:20:21","Akhir bulan dapat gerbarakan dari MAHASLOT mantap bosku gacor parah #MAHASLOT"
"2025-06-19 13:04:42","Cek link 👇 
https://bit.ly/Allapktopbosku"
"2025-06-19 11:47:06","19.06
⚽  𝐄𝐕𝐍𝐓 𝐌𝐈𝐗 𝐏𝐀𝐑𝐋𝐀𝐘 𝐔𝐏 𝐓𝐎 𝟏𝟐𝐉𝐓 𝐁𝐀𝐋𝐈𝟕𝟕𝟕  ⚽

❗ 𝐂𝐋𝐀𝐈𝐌 𝐊𝐄 𝑮𝑹𝑼𝑷 𝑻𝑬𝑳𝑬𝑮𝑹𝑨𝑴 𝑩𝑨𝑳𝑰777 𝑶𝑭𝑭𝑰𝑪𝑰𝑨𝑳

⚠️𝗗𝗔𝗙𝗧𝗔𝗥 𝗔𝗞𝗨𝗡 𝗚𝗔𝗖𝗢𝗥 𝗚𝗥𝗔𝗧𝗜𝗦⚠️"
"2025-06-19 11:24:33","http://www.jljl5588.com/?r=jxi4704
Ang lambot d2 try nyo guys kht 50
Paldong paldo🤩🤩🤩🥰🥰🥰😍"
"2025-06-19 10:57:11","19.06
✨𝐁𝐍𝐔𝐒 𝟏𝟎𝟎% 𝐁𝐀𝐋𝐈 𝟕𝟕𝟕✨

✅ 𝐊𝐇𝐔𝐒𝐔𝐒 𝐌𝐌𝐁𝐄𝐑 𝐁𝐀𝐑𝐔 𝐁𝐀𝐋𝐈 𝟕𝟕𝟕
✅ 𝐓𝐄𝐑𝐒𝐄𝐃𝐈𝐀 𝐁𝟎𝐍𝐔𝐒 𝐀𝐖𝐀𝐋 𝐃𝐀𝐍 𝐀𝐊𝐇𝐈𝐑
✅  𝐀𝐋𝐋 𝐒𝐋 𝟎𝐓
✅ 𝐓𝐀𝐍𝐏𝐀 𝐌𝐗𝐖𝐄𝐃𝐄
✅ 𝐁𝐄𝐁𝐀𝐒 𝐁𝐔𝐘 𝐒𝐏!𝐍

📌 𝐂𝐋𝐀𝐈𝐌 𝐊𝐄 𝐆𝐑𝐔𝐏 𝐓𝐋𝐄𝐆𝐑𝐀𝐌 𝐁𝐀𝐋𝐈 𝟕𝟕𝟕"
"2025-06-19 10:44:53","19.06
✨𝐁𝐍𝐔𝐒 𝟏𝟎𝟎% 𝐁𝐀𝐋𝐈 𝟕𝟕𝟕✨

✅ 𝐊𝐇𝐔𝐒𝐔𝐒 𝐌𝐌𝐁𝐄𝐑 𝐁𝐀𝐑𝐔 𝐁𝐀𝐋𝐈 𝟕𝟕𝟕
✅ 𝐓𝐄𝐑𝐒𝐄𝐃𝐈𝐀 𝐁𝟎𝐍𝐔𝐒 𝐀𝐖𝐀𝐋 𝐃𝐀𝐍 𝐀𝐊𝐇𝐈𝐑
✅  𝐀𝐋𝐋 𝐒𝐋 𝟎𝐓
✅ 𝐓𝐀𝐍𝐏𝐀 𝐌𝐗𝐖𝐄𝐃𝐄
✅ 𝐁𝐄𝐁𝐀𝐒 𝐁𝐔𝐘 𝐒𝐏!𝐍

📌 𝐂𝐋𝐀𝐈𝐌 𝐊𝐄 𝐆𝐑𝐔𝐏 𝐓𝐋𝐄𝐆𝐑𝐀𝐌 𝐁𝐀𝐋𝐈 𝟕𝟕𝟕"
"2025-06-19 10:44:15","➤ Cara Mudah Atasi Rungkad Dengan Bergabung di YODA4D 🤑
➤ Deposit Minim Kemenangan Dijamin 😍

🛑 Deposit - Play- Jackpotttt !!!
🛑 Gabung sekarang juga !
🛑 Situs Game Slot Tergacor!!

YODA4D SITUS TERBESAR & TERPERCAYA.
TERSEDIA GAME :
➤SLOT
➤TOGEL
➤TEMBAK IKAN
➤LIVE CASINO
➤SPORTSBOOK
➤SABUNG AYAM
📌 1 🆔 AKSES SEMUA GAME✅
━━━━━━━━━━━━━━━━━━━━━━━━━━
📢 PROMO
BONUS NEW MEMBER 50 %
BONUS HARIAN 5%
ROLLINGAN 0.5%
SPORSBOOK 5%
REFERRAL 1%
LOMBA TEBAK ANGKA 2D BELAKANG
📌LINK GRUP FACEBOOK : 

━━━━━━━━━━━━━━━━━━━━━━━━━━ 
💲MINIMAL DEPOSIT : Rp 5.000,-
💲MINIMAL WITHDRAW : Rp 50.000,-
💲MINIMAL BET TOGEL : Rp 100 Perak
💲TERSEDIA BET SLOT DENGAN 200 PERAK
━━━━━━━━━━━━━━━━━━━━━━━━━━
❞ DEPOSIT SUPPORT ❞ :
🔹VIA QRIS
🔹PULSA ( TELKOMSEL | XL | AXIS )
🔹E-WALLET ( DANA | GOPAY | LINKAJA | OVO | SHOPPE | )
🔹SEMUA JENIS BANK
━━━━━━━━━━━━━━━━━━━━━━━━━━"
"2025-06-19 10:32:24","super mantap👉 𝐑𝐀𝐌𝐀𝐓𝐎𝐆𝐄𝐋 
super mantap👉 𝐑𝐀𝐌𝐀𝐓𝐎𝐆𝐄𝐋 
uper mantap👉 𝐑𝐀𝐌𝐀𝐓𝐎𝐆𝐄𝐋 
super mantap👉 𝐑𝐀𝐌𝐀𝐓𝐎𝐆𝐄𝐋 
super mantap👉 𝐑𝐀𝐌𝐀𝐓𝐎𝐆𝐄𝐋"
"2025-06-19 10:07:55","19.06
⚽  𝐄𝐕𝐍𝐓 𝐌𝐈𝐗 𝐏𝐀𝐑𝐋𝐀𝐘 𝐔𝐏 𝐓𝐎 𝟏𝟐𝐉𝐓 𝐁𝐀𝐋𝐈𝟕𝟕𝟕  ⚽

❗ 𝐂𝐋𝐀𝐈𝐌 𝐊𝐄 𝑮𝑹𝑼𝑷 𝑻𝑬𝑳𝑬𝑮𝑹𝑨𝑴 𝑩𝑨𝑳𝑰777 𝑶𝑭𝑭𝑰𝑪𝑰𝑨𝑳

⚠️𝗗𝗔𝗙𝗧𝗔𝗥 𝗔𝗞𝗨𝗡 𝗚𝗔𝗖𝗢𝗥 𝗚𝗥𝗔𝗧𝗜𝗦⚠️"
"2025-06-19 10:00:24","H03🎖️
https://www.h03v.com?chn=bnRfaDAzX2NtMw==&id=MTg5NDM3MTk4
Superspin🥇p1
https://bit.ly/3HAiYvI
G668🥇
https://s.id/3PrlZ
Seru🥇
https://s.id/vOoLG"
"2025-06-19 09:56:05","super oke 👉 𝐑𝐀𝐌𝐀𝐓𝐎𝐆𝐄𝐋 
super oke 👉 𝐑𝐀𝐌𝐀𝐓𝐎𝐆𝐄𝐋 
super oke 👉 𝐑𝐀𝐌𝐀𝐓𝐎𝐆𝐄𝐋 
super oke 👉 𝐑𝐀𝐌𝐀𝐓𝐎𝐆𝐄𝐋 
super oke 👉 𝐑𝐀𝐌𝐀𝐓𝐎𝐆𝐄𝐋"
"2025-06-19 09:41:35","Hot985🎖️
https://hot985.top?chn=bnRfaG90OTg1X2N0&id=NDc3NDMzMzUx
3126🥇
https://h5.312600.cc?chn=bnRfMzEyNl9iZw==&id=Njc1ODQ0NzM3"
"2025-06-19 09:21:14","Sikat"
"2025-06-19 07:34:50","Super Bagus #𝗛𝗦𝗪𝗜𝗡𝟱𝟱💎Very good good💯  🌊𝗛𝗦𝗪𝗜𝗡𝟱𝟱🌊𝑺𝒖𝒑𝒆𝒓 𝒃𝒂𝒊𝒌💯🌊𝗛𝗦𝗪𝗜𝗡𝟱𝟱🌊SUPER BAGUS                                        𝗛𝗦𝗪𝗜𝗡𝟱𝟱                                        SEMOGA REJEKINYA NULAR BOS 🌠🌠𝑺𝒖𝒑𝒆𝒓 𝒃𝒂𝒊𝒌💯🌊𝗛𝗦𝗪𝗜𝗡𝟱𝟱🌊𝑺𝒖𝒑𝒆𝒓 𝒃𝒂𝒊𝒌💯🌊𝗛𝗦𝗪𝗜𝗡𝟱𝟱🌊Very good good💯  🌊𝗛𝗦𝗪𝗜𝗡𝟱𝟱🌊SUPER BAGUS                                       𝗛𝗦𝗪𝗜𝗡𝟱𝟱                                          SEMOGA REJEKINYA NULAR BOS 🌠🌠"
"2025-06-19 07:34:48","น่ารักมากเลยค่ะ.#𝗛𝗦𝗪𝗜𝗡𝟱𝟱  Super Bagus  𝗛𝗦𝗪𝗜𝗡𝟱𝟱  💎Super Bagus #💎Very good good💯 
🌊𝗛𝗦𝗪𝗜𝗡𝟱𝟱 🌊𝑺𝒖𝒑𝒆𝒓 𝒃𝒂𝒊𝒌💯🌊𝗛𝗦𝗪𝗜𝗡𝟱𝟱 🌊SUPER BAGUS                                        𝗛𝗦𝗪𝗜𝗡𝟱𝟱                                           SEMOGA REJEKINYA NULAR BOS 🌠🌠𝑺𝒖𝒑𝒆𝒓 𝒃𝒂𝒊𝒌💯🌊𝗛𝗦𝗪𝗜𝗡𝟱𝟱 🌊𝑺𝒖𝒑𝒆𝒓 𝒃𝒂𝒊𝒌💯🌊𝗛𝗦𝗪𝗜𝗡𝟱𝟱 🌊Very good good💯 
🌊𝗛𝗦𝗪𝗜𝗡𝟱𝟱 🌊SUPER BAGUS                                           𝗛𝗦𝗪𝗜𝗡𝟱𝟱                                      SEMOGA REJEKINYA NULAR BOS 🌠🌠"
"2025-06-19 07:34:46","Super Bagus 𝗛𝗦𝗪𝗜𝗡𝟱𝟱
 𝑺𝒖𝒑𝒆𝒓 𝒃𝒂𝒊𝒌 𝗛𝗦𝗪𝗜𝗡𝟱𝟱
 SUPER GREAT 𝗛𝗦𝗪𝗜𝗡𝟱𝟱 ♨️
 สวยงามมาก💯 𝗛𝗦𝗪𝗜𝗡𝟱𝟱"
"2025-06-19 06:35:05","Bagi yg minat depo pertama 20 + 20 total jadi 40. D jamin WD d hari k dua share567luck.shop?pid=420142023&pkg=com.luck56.app"
"2025-06-19 06:02:15","19/06/2025

Salam Maxwin PEDRO4D
Situs Slot Gacor No.1 Indonesia
WEBSITE REKOMENDASI PROSES TERCEPAT & TANPA RIBET
➖➖➖➖➖➖➖➖➖➖➖
➖➖➖➖➖➖➖➖➖➖➖
PROMO TERBAIK PEDRO4D
🔴 BONUS NEWMEMBER 10%
🔴 BONUS NEXT DEPOSIT 5%
🔴 BONUS TURNOVER MINGGUAN UP TO 0.7%
🔴 BONUS CASHBACK MINGGUAN UP TO 5% 
🔴 BONUS REFFERAL UP TO 1%
👉 BONUS KEMENANGAN BUYSPIN/FREESPIN UP TO 25%
👉 BONUS SCATTER MURNI ALL PRAGMATIC GAME
👉 BONUS SCATTER MURNI MAHJONG WAYS 1&2
👉 BONUS KOI GATE 2JEJER & 3JEJER
👉 BONUS PERKALIAN PETIR
👉 BONUS WINSTREAK BUYSPIN
👉 BONUS CHALLENG WD SLOT BONUS 2JT
👉 BONUS WINSTREAK SABUNG AYAM UP TO 50%
👉 BONUS MIX PARLAY BOLA
👉 LOMBA TOGEL SWISS , SINGAPORE DAN TAIWAN
➖➖➖➖➖➖➖➖➖➖➖
💯 LAYANAN 24JAM 💯
- SERVICE NONSTOP CEPAT , AMAN & TANPA RIBET !!
- MIN DP SEMUA BANK = 5.000
- MIN DP SEMUA E-MONEY = 5.000
- MIN DP XL DAN TSEL PULSA = 10.000
- PROSES DP & WD HANYA 1-3 menit"
"2025-06-19 05:39:14","➤ Cara Mudah Atasi Rungkad Dengan Bergabung di YODA4D 🤑
➤ Deposit Minim Kemenangan Dijamin 😍

🛑 Deposit - Play- Jackpotttt !!!
🛑 Gabung sekarang juga !
🛑 Situs Game Slot Tergacor!!

YODA4D SITUS TERBESAR & TERPERCAYA.
TERSEDIA GAME :
➤SLOT
➤TOGEL
➤TEMBAK IKAN
➤LIVE CASINO
➤SPORTSBOOK
➤SABUNG AYAM
📌 1 🆔 AKSES SEMUA GAME✅
━━━━━━━━━━━━━━━━━━━━━━━━━━
📢 PROMO
BONUS NEW MEMBER 50 %
BONUS HARIAN 5%
ROLLINGAN 0.5%
SPORSBOOK 5%
REFERRAL 1%
LOMBA TEBAK ANGKA 2D BELAKANG
📌LINK GRUP FACEBOOK : 

━━━━━━━━━━━━━━━━━━━━━━━━━━ 
💲MINIMAL DEPOSIT : Rp 5.000,-
💲MINIMAL WITHDRAW : Rp 50.000,-
💲MINIMAL BET TOGEL : Rp 100 Perak
💲TERSEDIA BET SLOT DENGAN 200 PERAK
━━━━━━━━━━━━━━━━━━━━━━━━━━
❞ DEPOSIT SUPPORT ❞ :
🔹VIA QRIS
🔹PULSA ( TELKOMSEL | XL | AXIS )
🔹E-WALLET ( DANA | GOPAY | LINKAJA | OVO | SHOPPE | )
🔹SEMUA JENIS BANK
━━━━━━━━━━━━━━━━━━━━━━━━━━"
"2025-06-19 05:02:22","น่ารักมากเลยค่ะ.#𝘽𝘿𝙏𝙊𝙏𝙊𝟮𝟭  Super Bagus  𝗯𝗱𝘁𝗼𝘁𝗼𝟮𝟭  💎Super Bagus #💎Very good good💯 
🌊𝗯𝗱𝘁𝗼𝘁𝗼𝟮𝟭 🌊𝑺𝒖𝒑𝒆𝒓 𝒃𝒂𝒊𝒌💯🌊𝗯𝗱𝘁𝗼𝘁𝗼𝟮𝟭 🌊SUPER BAGUS                                        #𝗯𝗱𝘁𝗼𝘁𝗼𝟮𝟭                                           SEMOGA REJEKINYA NULAR BOS 🌠🌠𝑺𝒖𝒑𝒆𝒓 𝒃𝒂𝒊𝒌💯🌊𝗯𝗱𝘁𝗼𝘁𝗼𝟮𝟭 🌊𝑺𝒖𝒑𝒆𝒓 𝒃𝒂𝒊𝒌💯🌊𝗯𝗱𝘁𝗼𝘁𝗼𝟮𝟭 🌊Very good good💯 
🌊𝗯𝗱𝘁𝗼𝘁𝗼𝟮𝟭 🌊SUPER BAGUS                                        #   𝗯𝗱𝘁𝗼𝘁𝗼𝟮𝟭                                       SEMOGA REJEKINYA NULAR BOS 🌠🌠"
"2025-06-19 05:02:20","Super Bagus  #𝘽𝘿𝙏𝙊𝙏𝙊𝟮𝟭💎Very good good💯  🌊𝗯𝗱𝘁𝗼𝘁𝗼𝟮𝟭🌊𝑺𝒖𝒑𝒆𝒓 𝒃𝒂𝒊𝒌💯🌊𝗯𝗱𝘁𝗼𝘁𝗼𝟮𝟭🌊SUPER BAGUS                                        #𝗯𝗱𝘁𝗼𝘁𝗼𝟮𝟭                                         SEMOGA REJEKINYA NULAR BOS 🌠🌠𝑺𝒖𝒑𝒆𝒓 𝒃𝒂𝒊𝒌💯🌊𝗯𝗱𝘁𝗼𝘁𝗼𝟮𝟭🌊𝑺𝒖𝒑𝒆𝒓 𝒃𝒂𝒊𝒌💯🌊𝗯𝗱𝘁𝗼𝘁𝗼𝟮𝟭🌊Very good good💯  🌊𝗯𝗱𝘁𝗼𝘁𝗼𝟮𝟭🌊SUPER BAGUS                                        #𝗯𝗱𝘁𝗼𝘁𝗼𝟮𝟭                                          SEMOGA REJEKINYA NULAR BOS 🌠🌠"
"2025-06-19 05:02:19","Super Bagus 𝘽𝘿𝙏𝙊𝙏𝙊𝟮𝟭
 𝑺𝒖𝒑𝒆𝒓 𝒃𝒂𝒊𝒌 𝘽𝘿𝙏𝙊𝙏𝙊𝟮𝟭
 SUPER GREAT 𝘽𝘿𝙏𝙊𝙏𝙊𝟮𝟭 ♨️
 สวยงามมาก💯 𝘽𝘿𝙏𝙊𝙏𝙊𝟮𝟭"
"2025-06-19 05:02:17","Super Bagus 𝘽𝘿𝙏𝙊𝙏𝙊𝟮𝟭
 𝑺𝒖𝒑𝒆𝒓 𝒃𝒂𝒊𝒌 𝘽𝘿𝙏𝙊𝙏𝙊𝟮𝟭
 SUPER GREAT 𝘽𝘿𝙏𝙊𝙏𝙊𝟮𝟭 ♨️
 สวยงามมาก💯 𝘽𝘿𝙏𝙊𝙏𝙊𝟮𝟭
😱😱"
"2025-06-19 04:55:23","Hajarrr"
"2025-06-18 17:58:32","Apk terbaru 👇
https://cutt.ly/trWTTSDn

E88vip 
https://cutt.ly/QrWTjmBj

X88vip
https://cutt.ly/ZrWTQPak

Cv777
https://cutt.ly/IrWTxymS

V98
https://cutt.ly/XrWTvGBW

Rr777
https://cutt.ly/WrWTmh89"
"2025-06-19 04:11:50","@sorotan"
"2025-06-19 03:22:27","https://www.7svipa.com?chn=bnRfN3N2aXBfY202&id=NDgyMDc4OTMw"
"2025-06-19 02:41:28","Mau kasih info dikit, 𝗕𝗔𝗬𝗔𝗠𝟭𝟮𝟯 lagi rame banget, yang main pada panen menang."
"2025-06-19 00:58:35","Bingung cari situs aman terpercaya & RTP tinggi
QQMamibet solusinya nay boss
Link Alternatif : QQMAMIBET
GasBossku^^"
"2025-06-18 22:52:33","https://pdd.cwslots.com/index.html?code=9AnnX8e&bid=1&cid=26&pkg=com.qq.cuan.game"
"2025-06-18 22:52:12","https://pdd.cwslots.com/index.html?code=9AnnX8e&bid=1&cid=26&pkg=com.qq.cuan.game"
"2025-06-18 22:52:12","https://pdd.cwslots.com/index.html?code=9AnnX8e&bid=1&cid=26&pkg=com.qq.cuan.game"
"2025-06-18 21:03:39","."
"2025-06-18 21:03:29","Hmmm"
"2025-06-18 19:41:52","Tt789🥇
https://s.id/Tt789vip
Jj62 🥇
https://bit.ly/barujj62freebonus
Jkt8🎖️
https://jkt8appstore.com/?c=ISIUXX
Juara666🥇
https://juara666untung.vip?chn=bnRfYm9udXM3NzdfY3Q=&id=MzYxNTQxNzE1"
"2025-06-18 19:24:00","📣 PROMO TERBARU KOITOTO 📣

🔰BONUS NEWMEMBER 10%
🔰BONUS AJAK TEMAN 10%
🔰BONUS HABANERO NONSTOP
🔰BONUS REFERAL 1%
🔰FREE CHIP RP.5.000
🔰BONUS CASHBACK SLOT UP TO 3%
🔰BONUS CASHBACK LIVE GAME 10%
🔰BONUS TURNOVER SLOT 0.5%
🔰BONUS TURNOVER LIVE GAME 0.7%
🔰BONUS PANJAT TURNOVER  BERHADIAH 150 JUTA
🔰BONUS FREESPIN 20%
🔰BONUS BUYSPIN 15%
🔰 SEKARANG BONUS MINGGUAN KOITOTO  SUDAH MENJADI 
7X DALAM SATU MINGGU YA BOSKU ^^ 

1. SENIN : BONUS ROLLINGAN IDN PLY & BONUS ROLLINGAN LIVE CASINO PRAGMATIC PLAY
2. SELASA : PANJAT TURN OVER SLOT 150JT
3. RABU : CASHBACK LIVE GAME
4. KAMIS : BONUS ROLLIGAN SLOT
5. JUM'AT : BONUS CASHBACK LIVE CASINO PRAGMATIC PLAY
6. SABTU : BONUS CASHBACK DARI SLOT

👉70 PASARAN TOGEL
👉MIN BET 100 PERAK
👉MIN DEPOSIT 10RIBU
👉MIN WITHDRAW 35 RIBU
👉4 JENIS TIPE BETING,BET DISCONT,FULL BET,BET PRIZE,BET BB
👉PRIZE 1,2 DAN 3 DI BAYAR
👉HADIAH TOGEL TERBESAR
👉BEBAS INVEST LINE
👉BETCLOSE HONGKONG TERLAMA
👉LOMBA TOGEL SETIAP HARI
👉EVENT SLOT SETIAP HARI

AYO BOSKU DAFTARKAN ID GAMES KAMU SEKARANG DI KOITOTO.

🙏🏻TERIMA KASIH SALAM HOKI KOITOTO🙏🏻"
"2025-06-18 19:10:43","Meledak Gas bosku"
"2025-06-18 19:09:58","Singa🔥
https://bit.ly/441ZoQl
8svip🔥
https://bit.ly/3FPNqkO
Superspin 🔥
https://bit.ly/SuperspinTop1
Svip9 🔥
https://bit.ly/4e5nDlp
6svip🔥
https://bit.ly/6svipBaruHoky
Svip2🔥
https://bit.ly/4kC9PkW
7svip🔥
https://bit.ly/7sviplinkHokybro
Svip5🔥
https://bit.ly/svip5Mantul"
"2025-06-18 19:09:38","Gass"
"2025-06-18 17:35:48","klo maen cari BO jelas itu ke 🌟𝐊𝗨𝐒𝗨𝐌𝗔𝐓𝟬𝐓𝟬🌟 aja bos ku . Gw uda jelajahi bnyk web , Cuma di 🌟𝐊𝗨𝐒𝗨𝐌𝗔𝐓𝟬𝐓𝟬🌟 aja kesbek, ribete, event, sama bonus paling unggul yg paling penting webnya jelas & resmi jd mau wd berapapun dibayar. Coba cek sendiri deh"
"2025-06-18 17:33:18","Akhirnya aku ikut ngerasaain rasanya mekswin, terima kasih beeut 𝐊𝗨𝐒𝗨𝐌𝗔𝐓𝟬𝐓𝟬 uda modalin aku buat buka warung bersyukur banget dahh 🙏🙏"
"2025-06-18 17:21:57","Andalan bro buat saldo selalu penuh #MAHASLOT emng gacor gas cobain dah"
"2025-06-18 17:00:13","𝐒 𝐎 𝐋 𝐔 𝐒 𝐈 𝐖 𝐈 𝐍 𝐫𝐞𝐤𝐨𝐦𝐞𝐧𝐝𝐚𝐬𝐢 𝐲𝐚𝐧𝐠 𝐬𝐚𝐧𝐠𝐚𝐭 𝐚𝐦𝐚𝐧 𝐭𝐞𝐫𝐩𝐞𝐫𝐜𝐚𝐲𝐚
#solusiwin
#REKOMENDASITERBAIK"
"2025-06-18 16:45:49","Tetap terbaik coy bener bener gacor mahaslot dikasih WD 3jt lgi bro #MAHASLOT"
"2025-06-18 16:19:12","18.06
𝗔𝗞𝗦𝗘𝗦 𝗖𝗔𝗥𝗜 𝗖𝗨𝗔𝗔𝗡 𝗗𝗜 𝗕𝗔𝗟𝗜 𝟳𝟳𝟳 𝗟𝗘𝗕𝗜𝗛 𝗠𝗨𝗗𝗔𝗔𝗛 𝗣𝗔𝗞𝗔𝗜 𝗧𝗥𝗢𝗣𝗢𝗡𝗚 𝗧𝗔𝗡𝗣𝗔 𝗕𝗟𝗢𝗞𝗜𝗥

📌𝗕𝗨𝗞𝗔 𝗧𝗥𝗢𝗣𝗢𝗡𝗚 𝗗𝗜 𝗚𝗢𝗢𝗚𝗟𝗘 𝗟𝗔𝗟𝗨 𝗖𝗔𝗥𝗜 𝗕𝗔𝗟𝗜 𝟳𝟳𝟳

✨𝗧𝗘𝗥𝗦𝗘𝗗𝗜𝗔 𝗕𝟬𝗡𝗨𝗦 𝟭𝟬𝟬% 𝗠𝗘𝗠𝗕𝗘𝗥 𝗕𝗔𝗥𝗨"
"2025-06-18 15:52:48","18.06
𝗔𝗞𝗦𝗘𝗦 𝗖𝗔𝗥𝗜 𝗖𝗨𝗔𝗔𝗡 𝗗𝗜 𝗕𝗔𝗟𝗜 𝟳𝟳𝟳 𝗟𝗘𝗕𝗜𝗛 𝗠𝗨𝗗𝗔𝗔𝗛 𝗣𝗔𝗞𝗔𝗜 𝗧𝗥𝗢𝗣𝗢𝗡𝗚 𝗧𝗔𝗡𝗣𝗔 𝗕𝗟𝗢𝗞𝗜𝗥

📌𝗕𝗨𝗞𝗔 𝗧𝗥𝗢𝗣𝗢𝗡𝗚 𝗗𝗜 𝗚𝗢𝗢𝗚𝗟𝗘 𝗟𝗔𝗟𝗨 𝗖𝗔𝗥𝗜 𝗕𝗔𝗟𝗜 𝟳𝟳𝟳

✨𝗧𝗘𝗥𝗦𝗘𝗗𝗜𝗔 𝗕𝟬𝗡𝗨𝗦 𝟭𝟬𝟬% 𝗠𝗘𝗠𝗕𝗘𝗥 𝗕𝗔𝗥𝗨"
"2025-06-18 15:46:33","https://www.facebook.com/100090860872394/posts/653133991058624/"
"2025-06-18 15:39:13","𝐊𝐢𝐭𝐚 𝐛𝐞𝐫𝐢 𝐛𝐮𝐤𝐭𝐢 𝐛𝐮𝐤𝐚𝐧 𝐣𝐚𝐧𝐣𝐢, 𝐝𝐢𝐣𝐚𝐦𝐢𝐧 𝐠𝐚 𝐛𝐚𝐤𝐚𝐥 𝐤𝐞𝐜𝐞𝐰𝐚 𝐛𝐞𝐫𝐠𝐚𝐛𝐮𝐧𝐠 𝐛𝐞𝐫𝐬𝐚𝐦𝐚 𝐤𝐚𝐦𝐢. 𝐭𝐚𝐧𝐩𝐚 𝐛𝐚𝐬𝐚 𝐛𝐚𝐬𝐢, 𝐭𝐚𝐧𝐩𝐚 𝐩𝐢𝐥𝐢𝐡 𝐤𝐚𝐬𝐢𝐡, 𝐬𝐞𝐦𝐮𝐚 𝐦𝐞𝐦𝐛𝐞𝐫 𝐩𝐚𝐬𝐭𝐢 𝐚𝐤𝐚𝐧 𝐝𝐢 𝐤𝐚𝐬𝐢,𝗕𝗨𝗥𝗨𝗔𝗡 𝗗𝗔𝗙𝗧𝗔𝗥
*𝗡𝐚𝐠𝐚*𝐇𝐨𝐤𝐢*"
"2025-06-18 15:15:12","Nyenengin banget situs ⭐𝐄𝐑𝐀𝐉𝐏⭐ bray full senyum awak di buat nya   m"
"2025-06-18 14:36:24","Tadi iseng coba ikutin saran teman gw main di #mahaslot ternyata beneran di kasih J3p3, makasih bro 😜"
"2025-06-18 14:32:12","Apa gak menyala kali hari INI ⭐𝐄𝐑𝐀𝐉𝐏⭐   p"
"2025-06-18 14:25:33","gak bisa berkata kata lagi gw sama niih 𝐊𝗨𝐒𝗨𝐌𝗔𝐓𝟬𝐓𝟬 , padahal gw berharap tadii dapet 200rb 300rb pun udah bersyukur tapi malahh di kasii sejutaa brokk padahal modal gw recehh, ngerii menn 𝐊𝗨𝐒𝗨𝐌𝗔𝐓𝟬𝐓𝟬 🔥🔥"
"2025-06-18 14:12:20","Aku sambil rebahan jg dapat uang jajan dari 𝐊𝗨𝐒𝗨𝐌𝗔𝐓𝟬𝐓𝟬, modarl 50rb doang main ga sampe 15 menit cair 900rb wkwkwk lumayan lah buat isi bensin sama rokok hehehe"
"2025-06-18 10:21:08","Terbukti main di 🌟#BALIPLAY🌟 tidak merasa takut karna sistemnya fair play💯% dan banyak fitur terbaik di bidangnya pantesan semua orang jadi betah main disini💸💸"
"2025-06-18 13:55:33","https://ini-halobos338.store/register/MJB9RG6L"
"2025-06-18 13:33:22","18.06
⭐𝗕𝗡𝗨𝗦 𝟭𝟬𝟬% 𝗕𝗔𝗟𝗜𝟳𝟳𝟳⭐

 ❗𝐒𝐄𝐀𝐑𝐂𝐇 𝐆𝐎𝐎𝐆𝐋𝐄 : 𝐁𝐀𝐋𝐈 𝟕𝟕𝟕

𝟏𝟓 + 𝟏𝟓
𝟐𝟎 + 𝟐𝟎
𝟐𝟓 + 𝟐𝟓

❗𝗦𝗬𝗔𝗥𝗔𝗧 𝗞𝗘𝗧𝗘𝗡𝗧𝗨𝗔𝗡 𝗕𝗘𝗥𝗟𝗔𝗞𝗨 ❗

📢 𝗜𝗡𝗙𝗢 𝗦𝗘𝗟𝗘𝗡𝗚𝗞𝗔𝗣𝗡𝗬𝗔 𝗝𝗢𝗜𝗡 𝗚𝗥𝗨𝗣 𝗧𝗘𝗟𝗘 𝗚𝗥𝗔𝗠 𝗕𝗔𝗟𝗜 𝟳𝟳𝟳 𝗢𝗙𝗙𝗜𝗖𝗜𝗔𝗟"
"2025-06-18 13:30:24","18.06
𝗔𝗞𝗦𝗘𝗦 𝗖𝗔𝗥𝗜 𝗖𝗨𝗔𝗔𝗡 𝗗𝗜 𝗕𝗔𝗟𝗜 𝟳𝟳𝟳 𝗟𝗘𝗕𝗜𝗛 𝗠𝗨𝗗𝗔𝗔𝗛 𝗣𝗔𝗞𝗔𝗜 𝗧𝗥𝗢𝗣𝗢𝗡𝗚 𝗧𝗔𝗡𝗣𝗔 𝗕𝗟𝗢𝗞𝗜𝗥

📌𝗕𝗨𝗞𝗔 𝗧𝗥𝗢𝗣𝗢𝗡𝗚 𝗗𝗜 𝗚𝗢𝗢𝗚𝗟𝗘 𝗟𝗔𝗟𝗨 𝗖𝗔𝗥𝗜 𝗕𝗔𝗟𝗜 𝟳𝟳𝟳

✨𝗧𝗘𝗥𝗦𝗘𝗗𝗜𝗔 𝗕𝟬𝗡𝗨𝗦 𝟭𝟬𝟬% 𝗠𝗘𝗠𝗕𝗘𝗥 𝗕𝗔𝗥𝗨"
"2025-06-18 13:26:52","18.06
𝗔𝗞𝗦𝗘𝗦 𝗖𝗔𝗥𝗜 𝗖𝗨𝗔𝗔𝗡 𝗗𝗜 𝗕𝗔𝗟𝗜 𝟳𝟳𝟳 𝗟𝗘𝗕𝗜𝗛 𝗠𝗨𝗗𝗔𝗔𝗛 𝗣𝗔𝗞𝗔𝗜 𝗧𝗥𝗢𝗣𝗢𝗡𝗚 𝗧𝗔𝗡𝗣𝗔 𝗕𝗟𝗢𝗞𝗜𝗥

📌𝗕𝗨𝗞𝗔 𝗧𝗥𝗢𝗣𝗢𝗡𝗚 𝗗𝗜 𝗚𝗢𝗢𝗚𝗟𝗘 𝗟𝗔𝗟𝗨 𝗖𝗔𝗥𝗜 𝗕𝗔𝗟𝗜 𝟳𝟳𝟳

✨𝗧𝗘𝗥𝗦𝗘𝗗𝗜𝗔 𝗕𝟬𝗡𝗨𝗦 𝟭𝟬𝟬% 𝗠𝗘𝗠𝗕𝗘𝗥 𝗕𝗔𝗥𝗨"
"2025-06-18 13:07:47","18.06
⭐𝗕𝗡𝗨𝗦 𝟭𝟬𝟬% 𝗕𝗔𝗟𝗜𝟳𝟳𝟳⭐

 ❗𝐒𝐄𝐀𝐑𝐂𝐇 𝐆𝐎𝐎𝐆𝐋𝐄 : 𝐁𝐀𝐋𝐈 𝟕𝟕𝟕

𝟏𝟓 + 𝟏𝟓
𝟐𝟎 + 𝟐𝟎
𝟐𝟓 + 𝟐𝟓

❗𝗦𝗬𝗔𝗥𝗔𝗧 𝗞𝗘𝗧𝗘𝗡𝗧𝗨𝗔𝗡 𝗕𝗘𝗥𝗟𝗔𝗞𝗨 ❗

📢 𝗜𝗡𝗙𝗢 𝗦𝗘𝗟𝗘𝗡𝗚𝗞𝗔𝗣𝗡𝗬𝗔 𝗝𝗢𝗜𝗡 𝗚𝗥𝗨𝗣 𝗧𝗘𝗟𝗘 𝗚𝗥𝗔𝗠 𝗕𝗔𝗟𝗜 𝟳𝟳𝟳 𝗢𝗙𝗙𝗜𝗖𝗜𝗔𝗟"
"2025-06-18 12:12:25","Asli kagak boong bro barusan WD di MAHASLOT bener bener gacor parah sih #MAHASLOT"
"2025-06-18 12:08:20","https://www.vt38mg.com?chn=ODIxOHNsb3RzX2lkM19udGxhMzA5&id=MzI4NDcxODUy"
"2025-06-18 11:59:33","Fix gak nyesel! 💦𝐄𝐑𝐀𝐉𝐏💦 selalu kasih kejutan seru!"
"2025-06-18 11:59:27","💦𝐄𝐑𝐀𝐉𝐏💦. saya maen di sini karena gampang banget mnang"
"2025-06-18 11:59:21","💦𝐄𝐑𝐀𝐉𝐏💦. saya maen di sini karena gampang banget mnang"
"2025-06-18 11:59:10","Seru banget kalau menang di 💦𝐄𝐑𝐀𝐉𝐏💦, nggak nyangka bisa segampang ini!"
"2025-06-18 11:59:03","Geloo 💦𝐄𝐑𝐀𝐉𝐏💦. Cair terus x100"
"2025-06-18 11:38:43","🔥"
"2025-06-18 09:06:29","https://drb6ocu2opyu9.cloudfront.net/app/?ODk2MTY0MTZlLTVWWFFEODdZ"
"2025-06-18 06:13:21","Seru abis! Setia banget sama ⭐💙𝐄𝐑𝐀𝐉𝐏💙⭐ sejak awal main ada aja ketujuan nya Y"
"2025-06-18 05:43:53","Gas buruan bosku 👇👇
https://s.id/KumpulanApkterbaru"
"2025-06-18 05:36:17","Lumayan depo main bonus 100% 50+50 all slot bisa wd segini, situs nya #𝐌𝐄𝐕𝐈𝐔𝐒𝐓𝐎𝐓𝐎"
"2025-06-18 05:31:49","asli awalnya aku kira bakal rungkad ternyata dikasih di akhir naganya pecah diBONBON777"
"2025-06-18 05:15:23","https://www.svip2f.com?chn=c3ZpcDJfaWQ4X250bGExMDY=&id=ODcyMDQzNDY3"
"2025-06-18 05:07:59","Pantes di apotek ga jual obat ginian yg ada cuman di mari  aja lur wkw"
"2025-06-18 05:03:24","Cek link dibawah 👇👇👇
Kumpulan Apk wd lancar 👍
https://biolinky.co/apkpilihan"
"2025-06-18 04:58:19","Gas"
"2025-06-18 04:57:44","Kumpulan Apk wd lancar 👍
https://biolinky.co/apkpilihan"
"2025-06-18 04:35:12","Buset hoky benerr dah Setiap main di ⭐𝐄𝐑𝐀𝐉𝐏⭐  O"
"2025-06-18 02:33:27","Baru dapat dividen dari 💥𝘽𝙀𝙍𝘼𝙉𝙄𝙒𝙄𝙉💥, uang pasif memang menyenangkan. dOD"
"2025-06-18 02:30:20","bosen x250 turun terus main kakek di situs 💦𝐄𝐑𝐀𝐉𝐏💦 j"
"2025-06-18 02:20:08","Emang gak ada yang se-mantep💦𝐄𝐑𝐀𝐉𝐏💦 deh. C"
"2025-06-18 01:27:50","ku pikir bakalan di sedot bg tau nya di kasih up berlipat lipat sama mj 𝐌𝐄𝐕𝐈𝐔𝐒𝐓𝐎𝐓𝐎"
"2025-06-18 01:01:48","HIdup lagi cape-capenya malah dikasih kejutan sama 𝗗𝗼𝗶𝟴𝟴, uang makan sama bensin bulan ini aman terkendali wkwkwk"
"2025-06-18 01:01:16","tempat main terbaik dan mudah cuan hanya di 🔥𝐒𝐆𝐀𝟑𝟑𝟖🔥 benar paling gacor"
"2025-06-18 00:06:16","Halo bosku 🤗! Bosan main rungkat? 🤔 Aku bisa bantu kamu *menang*, *CLAIM* *SALDO* *GRATIS* *85K* 🤑! Mainkan di https://batagorgoreng.net/ 📊, yuk coba keberuntunganmu 🎉! 🤑💸"
"2025-06-17 23:55:51",
"2025-06-17 21:32:33","Raihla Kemenangan dan Pecahan Perkalian Hanya Di PLAZABOLA
Ternyaman,Terpercaya dan Terbukti Gacornya 100%

LINK ALTERNATIF PLAZABOLA TERBARU :
LINK VIP 1 : https://shorturl.at/tdCMf"
"2025-06-17 21:22:13","Bergabunglah dengan OKJKT dan dapatkan bonus luar biasa! https://okjktmice.com/?c=XVX8MP"
"2025-06-17 20:46:24","8idshare.com?pid=353279284&t=pdd2&pkg=com.eightid098.channel"
"2025-06-17 20:42:23","Sp777🥇
https://www.sp777.com?chn=bnRfc3A3NzdfY3Qy&id=NDkzODcyNDcx
Spinrp 🥇
https://h5.sp2game.com?chn=c3BpbnJwX2lkX250bGE4Ng==&id=OTM1MTQxNTk4
Vita🥇
https://h5.vita555.me?chn=bnRfaXc3NzdfY3Q=&id=OTYyMDczODcy
9399🥇
https://www.aa9399.com?chn=bnRfOTM5OQ==&id=ODk0MjUwMjYx
Luxury 88🥇
https://www.luxury888.co?chn=bnRfbHVja3lycA==&id=MTUyODMxNzE2
Sd107🥇
http://h5.slotsidr2.com?chn=bnRfc2xvdHNpZHI=&id=ODU4NDM0ODkz
Sia🥇
https://www.sxxplay.com?chn=bnRfc2lhNzc3&id=OTA4MTA1MTIz
St789🥇
https://h5.st777a.vip?chn=bnRfc3Q3Nzc=&id=NDIzMTQ3Nzk0
Rpwinner 2🎖️
https://bit.ly/4jO5r0I
L777🎖️
https://h5.l77723.top?chn=bDcwMzA=&id=Nzc5MzExODky"
"2025-06-17 20:28:11","bosen x250 turun terus main kakek di situs 💦𝐄𝐑𝐀𝐉𝐏💦 u"
"2025-06-17 20:25:11","Seru abis! Setia banget sama ⭐💙𝐄𝐑𝐀𝐉𝐏💙⭐ sejak awal main ada aja ketujuan nya N"
"2025-06-17 20:17:46","Emang gak ada yang se-mantep💦𝐄𝐑𝐀𝐉𝐏💦 deh. A"
"2025-06-17 20:11:17","📣 PROMO TERBARU KOITOTO 📣

🔰BONUS NEWMEMBER 10%
🔰BONUS AJAK TEMAN 10%
🔰BONUS HABANERO NONSTOP
🔰BONUS REFERAL 1%
🔰FREE CHIP RP.5.000
🔰BONUS CASHBACK SLOT UP TO 3%
🔰BONUS CASHBACK LIVE GAME 10%
🔰BONUS TURNOVER SLOT 0.5%
🔰BONUS TURNOVER LIVE GAME 0.7%
🔰BONUS PANJAT TURNOVER  BERHADIAH 150 JUTA
🔰BONUS FREESPIN 20%
🔰BONUS BUYSPIN 15%
🔰 SEKARANG BONUS MINGGUAN KOITOTO  SUDAH MENJADI 
7X DALAM SATU MINGGU YA BOSKU ^^ 

1. SENIN : BONUS ROLLINGAN IDN PLY & BONUS ROLLINGAN LIVE CASINO PRAGMATIC PLAY
2. SELASA : PANJAT TURN OVER SLOT 150JT
3. RABU : CASHBACK LIVE GAME
4. KAMIS : BONUS ROLLIGAN SLOT
5. JUM'AT : BONUS CASHBACK LIVE CASINO PRAGMATIC PLAY
6. SABTU : BONUS CASHBACK DARI SLOT

👉70 PASARAN TOGEL
👉MIN BET 100 PERAK
👉MIN DEPOSIT 10RIBU
👉MIN WITHDRAW 35 RIBU
👉4 JENIS TIPE BETING,BET DISCONT,FULL BET,BET PRIZE,BET BB
👉PRIZE 1,2 DAN 3 DI BAYAR
👉HADIAH TOGEL TERBESAR
👉BEBAS INVEST LINE
👉BETCLOSE HONGKONG TERLAMA
👉LOMBA TOGEL SETIAP HARI
👉EVENT SLOT SETIAP HARI

AYO BOSKU DAFTARKAN ID GAMES KAMU SEKARANG DI KOITOTO.

🙏🏻TERIMA KASIH SALAM HOKI KOITOTO🙏🏻"
"2025-06-17 19:31:33","S13 🥇
https://s846fc.com?chn=bnRfbHVja3lkZg==&id=Njg3NzQzOTQw
Luckywin 🎖️
https://www.08frcp.click/DSt3971fz1/index.html?channel=invite&invite_uid=2634271:0&sign=76910bb188
Luckytopia🎖️
https://h5.luckytopia14.com?chn=bHVja3l0b3BpYV9pZDRfbnRsYTM=&id=MTQ3MjQwNzM1
Rpwin1🎖️
https://www.rpwin1.com?chn=bnRfcnB3aW4xX2N0Mg==&id=ODc1NTE2Njc0
Lucky72🎖️
https://h5.lucky72.io?chn=bHVja3k3Ml9pZDhfbnRsYTM=&id=MzQ2MTMyMzYx"
"2025-06-17 19:28:33","8180🎖️
https://bit.ly/8180ApkGcorterupdate1
Zk988🎖️
https://h5.zk988s.com?chn=bnRfems5ODhfY3Qz&id=MzY2MzQzMjE5
Jj62🎖️
https://h5.jj62web.com?chn=amo2Ml9pZDNfbnRsYTk5&id=NzYzMTI2NzE3"
"2025-06-17 18:50:11","Gass"
"2025-06-17 18:48:41","Kumpulan Apk wd lancar 👍
https://biolinky.co/apkpilihan"
"2025-06-17 18:31:18","Mantap emng ini situs gacor nya mantap MAHASLOT bener bener mantap abis WD 7jt bro #MAHASLOT"
"2025-06-17 18:16:30","PERHATIAN PERHATIAN !! 🌟𝐊𝗨𝐒𝗨𝐌𝗔𝐓𝟬𝐓𝟬🌟 BARU SUKSES WD 53jt MAXWIN hasil Buy SPin 1jt !!!! TERBUKTI TRUSTED WEB !!!"
"2025-06-17 18:04:03","Apa gak menyala kali hari INI ⭐𝐄𝐑𝐀𝐉𝐏⭐   i"
"2025-06-17 17:19:08","Kenapa harus menangisi kekalahan di web lain kalau kamu masih bisa tertawa bersama 🌟𝐊𝗨𝐒𝗨𝐌𝗔𝐓𝟬𝐓𝟬🌟 ??"
"2025-06-17 17:19:02","🌟🌟𝐊𝗨𝐒𝗨𝐌𝗔𝐓𝟬𝐓𝟬🌟🌟 yang lagi viral guys.. temanku bnyk yg CAIR dari sana. aku baru narek 2jt jg .."
"2025-06-17 17:18:27","Gokiil sih 𝐊𝗨𝐒𝗨𝐌𝗔𝐓𝟬𝐓𝟬 pantesan lagi viiral banget wkwkwk, saran aja buat yaang mau ikutan maiin jangan serakah kalau uda dapat 10x lipat dr moodal di wedeeh aja langsung kaya aku tadi, mataap polll 👍👍"
"2025-06-17 17:17:50","Dari dulu sering runggkadd, tapi setelah gw ikutin RTP dari 𝐊𝗨𝐒𝗨𝐌𝗔𝐓𝟬𝐓𝟬 emang benaran akurattt coyy, sekarang setiap kali nyeepiin suka senyum2 sendiri wkwkwkk"
"2025-06-17 17:09:17","Kalau tiap hari kek gini di kaseh 𝐃𝐨𝐢𝟴𝟴 mantan pun mnta balekan"
"2025-06-17 17:07:54","𝐊𝗨𝐒𝗨𝐌𝗔𝐓𝟬𝐓𝟬 Kalo fitur ini bisa keluar 3x sehari, bisa pensiun gue 🤣 Ada yang pernah sefrekuen itu gak?"
"2025-06-17 16:44:25","Hajar bang bo 𝗣𝗢𝗔𝟴𝟴 masih harum mahyongg2 nya sc nya harum bawa 50k dikaseh sgini kwkwk"
"2025-06-17 16:27:53","Dulu gw selalu rungkatt bang main di siitus lain, tapi kemarin lihat org komen main di 𝐊𝗨𝐒𝗨𝐌𝗔𝐓𝟬𝐓𝟬, akhirnya gw coba deepo 100rebo ga sampe 20menit saldoo gw meledak bang cair 4jt an wkwkwk"
"2025-06-17 16:24:39","Aku sambil rebahan jg dapat uang jajan dari 𝐊𝗨𝐒𝗨𝐌𝗔𝐓𝟬𝐓𝟬, modarl 50rb doang main ga sampe 15 menit cair 900rb wkwkwk lumayan lah buat isi bensin sama rokok hehehe"
"2025-06-17 16:12:18","Nih bang gua saranin main di situs yang ngasih gua profit barusan bang, Mahyong PG sama Si Kakek Zeuuuussss lagi gacor bang. gua maen receh aja bang modal 100K, di 🌟𝐊𝗨𝐒𝗨𝐌𝗔𝐓𝟬𝐓𝟬🌟 ni bang mudah2an Dikasih Menang Depo pertama 🥰🥰Mantap💯"
"2025-06-17 16:08:58","kalo pusing karna rungkad trs mending pindah ke #MAHASLOT di jamin JP gede'an"
"2025-06-17 16:03:37","Pemain 🔥🔥𝐊𝗨𝐒𝗨𝐌𝗔𝐓𝟬𝐓𝟬🔥🔥 kalau ditanya mau liburan ke mana, jawabnya apa? ( Ke angka-angka yang membawa keberuntungan! )"
"2025-06-17 16:03:25","kapan lagi bisa liat 🔥𝐊𝗨𝐒𝗨𝐌𝗔𝐓𝟬𝐓𝟬🔥 semenarik ini ya kan,, Tetap jadi yang terbaik dan jangan menyerah,, Wish 🔥𝐊𝗨𝐒𝗨𝐌𝗔𝐓𝟬𝐓𝟬🔥 tetap jadi yang terbaik di kelasnya"
"2025-06-17 16:01:13","member baru pun langsung pasti di 𝐄𝐑𝐀𝐉𝐏  kasih profit bang gua uda cobain l"
"2025-06-17 15:36:45","Gajian lebih awal makaasih rejeki nya ⭐𝐄𝐑𝐀𝐉𝐏⭐   k"
"2025-06-17 15:24:38","Makasih ""𝐏𝐈𝐂𝐊4𝐃""hutang gua bisa terbayar semua gara gara main di sini
Silahkan di gasss guyss regis auto wd and bonus nya banyak🔥🔥🔥"
"2025-06-17 15:22:41","mantul eng situs #MAHASLOT gas abiz guyss di jamin 100% dah"
"2025-06-17 15:14:17","bulan ini bulan gua nih lur, asik di kasih wd terus sama 𝐒𝐈𝐁𝐀𝐘𝐀𝐑"
"2025-06-14 17:14:56","Svip 2 20x depo nggk bisa naik emng apk babi"
"2025-06-17 14:35:10","Super Bagus 𝗛𝗦𝗪𝗜𝗡𝟱𝟱
 𝑺𝒖𝒑𝒆𝒓 𝒃𝒂𝒊𝒌 𝗛𝗦𝗪𝗜𝗡𝟱𝟱
 SUPER GREAT 𝗛𝗦𝗪𝗜𝗡𝟱𝟱 ♨️
 สวยงามมาก💯 𝗛𝗦𝗪𝗜𝗡𝟱𝟱"
"2025-06-17 14:35:09","น่ารักมากเลยค่ะ.#𝗛𝗦𝗪𝗜𝗡𝟱𝟱  Super Bagus  𝗛𝗦𝗪𝗜𝗡𝟱𝟱  💎Super Bagus #💎Very good good💯 
🌊𝗛𝗦𝗪𝗜𝗡𝟱𝟱 🌊𝑺𝒖𝒑𝒆𝒓 𝒃𝒂𝒊𝒌💯🌊𝗛𝗦𝗪𝗜𝗡𝟱𝟱 🌊SUPER BAGUS                                        𝗛𝗦𝗪𝗜𝗡𝟱𝟱                                           SEMOGA REJEKINYA NULAR BOS 🌠🌠𝑺𝒖𝒑𝒆𝒓 𝒃𝒂𝒊𝒌💯🌊𝗛𝗦𝗪𝗜𝗡𝟱𝟱 🌊𝑺𝒖𝒑𝒆𝒓 𝒃𝒂𝒊𝒌💯🌊𝗛𝗦𝗪𝗜𝗡𝟱𝟱 🌊Very good good💯 
🌊𝗛𝗦𝗪𝗜𝗡𝟱𝟱 🌊SUPER BAGUS                                           𝗛𝗦𝗪𝗜𝗡𝟱𝟱                                      SEMOGA REJEKINYA NULAR BOS 🌠🌠"
"2025-06-17 14:35:08","Super Bagus #𝗛𝗦𝗪𝗜𝗡𝟱𝟱 🎱𝚂𝚊𝚗𝚐𝚊𝚝 𝙱𝚊𝚐𝚞𝚜🖤 𝗛𝗦𝗪𝗜𝗡𝟱𝟱 🎱Super Bagus 𝗛𝗦𝗪𝗜𝗡𝟱𝟱 🎱Super Bagus 𝗛𝗦𝗪𝗜𝗡𝟱𝟱🎱𝚂𝚊𝚗𝚐𝚊𝚝 𝙱𝚊𝚐𝚞𝚜🖤 𝗛𝗦𝗪𝗜𝗡𝟱𝟱 Super Baguss 𝗛𝗦𝗪𝗜𝗡𝟱𝟱 Super Hebat 𝗛𝗦𝗪𝗜𝗡𝟱𝟱  Super Baik 𝗛𝗦𝗪𝗜𝗡𝟱𝟱 สวยงามมาก🔥 💥 𝐝𝐢𝐤𝐚𝐬𝐢𝐡 𝐭𝐞𝐫𝐮𝐬 𝐤𝐞𝐫𝐞𝐧 𝐬𝐞𝐤𝐚𝐥𝐢   𝐉𝐚𝐲𝐚 𝐬𝐞𝐥𝐚𝐥𝐮 🎱🎱🎱🎱🎱🎱𝗛𝗦𝗪𝗜𝗡𝟱𝟱 👍"
"2025-06-17 14:32:50","bagi kalian yg belom tau 🌟𝐊𝗨𝐒𝗨𝐌𝗔𝐓𝟬𝐓𝟬🌟 coba maen disana supaya tau web asli yg profesional fair itu gmn.🌟𝐊𝗨𝐒𝗨𝐌𝗔𝐓𝟬𝐓𝟬🌟 situs Terpercaya jd menurut gw paling aman kalo maen di web besar. Coba aja sendiri bang ."
"2025-06-17 14:32:22","gak ada obat pola RTP dari 𝐊𝗨𝐒𝗨𝐌𝗔𝐓𝟬𝐓𝟬 di buat tembuss 4jt an dengan modal 90rb doangg sampai salto2 di kasurr wkwk 🤣🤣"
"2025-06-17 14:24:24","gak perlu banyak cakap kalau mau situs ini #Jeruk123 🍊gacor parah BG"
"2025-06-17 14:18:08","💈𝗘𝘃𝗲𝗻𝘁 𝗕𝗼𝗻𝘂𝘀 𝗦𝗰𝗣𝗴𝘀𝗼𝗳𝘁 𝗠𝗮𝗵𝗷𝗼𝗻𝗴𝟭&𝟮 𝗣𝗼𝗼𝗹𝘀𝟯𝟬𝟯💈
▬▬▬▬▬▬▬▬▬▬▬▬▬▬▬▬▬▬▬▬▬▬▬▬▬▬▬▬▬▬▬▬▬▬▬▬
link daftar: https://mez.ink/jackpotparty

1. Mengikuti Event Wajib Min.Depo 50rb
2. Tidak Berlaku Bagi yang Deposit Pulsa
3. Maximal Klaim 2x/hari/Userid & Max Bonus Event 500rb/Klaim
4. Start stake 1000+ sampai dengan 20000+ scatter 3/4/5
5. Jika digabungkan dengan event FREESPIN & BUYSPIN maka terhitung 2X klaim
6. S&K Berlaku Tidak Dapat diganggu gugat!"
"2025-06-17 14:12:24","emang joss banget niih 𝐊𝗨𝐒𝗨𝐌𝗔𝐓𝟬𝐓𝟬 ngasihh scaterr muluu, temen gw sampaii nanyain main dimana kok bisa scatter terus gw jawab main di 𝐊𝗨𝐒𝗨𝐌𝗔𝐓𝟬𝐓𝟬 , langsungg mabar bareng 👍"
"2025-06-17 13:45:56","Saran doang mas hajar 𝗣𝗢𝗔𝟴𝟴 gem uus1000nya meletup maswinnya"
"2025-06-17 13:38:13","Buset hoky benerr dah Setiap main di ⭐𝐄𝐑𝐀𝐉𝐏⭐  N"
"2025-06-17 13:11:25","💸ASLI ASIK BANGET #SLT138 GAME TERBARUNYA !! #GGSOFT
MODAL MINIMAL 50.000 BISA LANGSUNG JP 10.000.000 💸

INFO SELENGKAPNYA : https://lanjutmasuks138.click/login/

#aplikasipenghasiluang #gamepenghasiluang #slt138"
"2025-06-17 12:59:43","Mari coba di 𝐊𝗨𝐒𝗨𝐌𝗔𝐓𝟬𝐓𝟬 dengan rate kemenangan ting1gi Perkalian Merah sering muncul"
"2025-06-17 12:02:07","17.06
💸 𝐍𝐄𝐖 𝐌𝐄𝐌𝐁𝐄𝐑 𝟓𝟎%  💸

=======================
𝐃𝐏 𝟓𝟎 𝐁𝐎𝐍𝐔𝐒 𝟐𝟓
𝐃𝐏 𝟏𝟎𝟎 𝐁𝐎𝐍𝐔𝐒 𝟓𝟎
𝐃𝐏 𝟐𝟎𝟎 𝐁𝐎𝐍𝐔𝐒 𝟏𝟎𝟎
𝐃𝐏 𝟓𝟎𝟎 𝐁𝐎𝐍𝐔𝐒 𝟐𝟓𝟎

💯 𝐌𝐎𝐃𝐀𝐋 𝐓𝐈𝐏𝐈𝐒 𝐔𝐍𝐓𝐔𝐍𝐆 𝐁𝐄𝐑𝐋𝐀𝐏𝐈𝐒🥳

‼️ 𝗗𝗔𝗙𝗧𝗔𝗥 𝗔𝗞𝗨𝗡 𝗚𝗔𝗖𝗥 𝗚𝗥𝗔𝗧𝗜𝗦"
"2025-06-17 11:39:19","super mantap👉 𝐑𝐀𝐌𝐀𝐓𝐎𝐆𝐄𝐋
super mantap👉 𝐑𝐀𝐌𝐀𝐓𝐎𝐆𝐄𝐋
super mantap👉 𝐑𝐀𝐌𝐀𝐓𝐎𝐆𝐄𝐋
super mantap👉 𝐑𝐀𝐌𝐀𝐓𝐎𝐆𝐄𝐋
super mantap👉 𝐑𝐀𝐌𝐀𝐓𝐎𝐆𝐄𝐋"
"2025-06-17 11:07:54","Gg"
"2025-06-17 10:34:58","super oke 👉 𝐑𝐀𝐌𝐀𝐓𝐎𝐆𝐄𝐋
super oke 👉 𝐑𝐀𝐌𝐀𝐓𝐎𝐆𝐄𝐋
super oke 👉 𝐑𝐀𝐌𝐀𝐓𝐎𝐆𝐄𝐋
super oke 👉 𝐑𝐀𝐌𝐀𝐓𝐎𝐆𝐄𝐋
super oke 👉 𝐑𝐀𝐌𝐀𝐓𝐎𝐆𝐄𝐋"
"2025-06-17 10:33:44",
"2025-06-17 09:38:45","https://altgfun.xyz/register?referral_code=malay88"
"2025-06-17 09:35:44","https://altgfun.xyz/register?referral_code=malay88"
"2025-06-17 09:30:06","@sorotan"
"2025-06-17 09:29:25","Askasino🥇
https://bit.ly/4kMGjch

Oka520🥇
https://h5.oka520.fun?chn=bnRfZGF5Nzc3&id=NjU1OTY5MDk4

Sm605🥇
https://h5.sm605d.com?chn=bnRfcHQ3Nzc=&id=MjU4Njc5ODY0

Rvip2 🎖️
https://h5.rvip2.co?chn=bnRfcnZpcDJfY3Qy&id=Njc2NDgwNDQw

Satu77🥇
https://h5.sasafun.fun?chn=bnRfc2F0dTc3&id=MTEyMDAwNTEw

Ayuwin 🥇
https://h5.ayuwin.fun?chn=bnRfaGl3aW5nYW1lX2N0&id=NjM1MzkxOTk1"
"2025-06-17 09:25:05","Gampang WD bnget bro #MAHASLOT senggol dikit langsung jp mantap"
"2025-06-17 08:08:50","@sorotan"
"2025-06-17 06:13:51","lepas uang kereta awak main di 𝐃𝐨𝐢𝟴𝟴, keluar keluar kali merah nya we"
"2025-06-17 06:12:02","𝐌𝐄𝐕𝐈𝐔𝐒𝐓𝐎𝐓𝐎 nih member receh di kasih menang terus"
"2025-06-17 05:43:05","Kak infokan slot gacor dong butuh duit banget"
"2025-06-17 05:38:04","Akibat ga bisa tdur test ombak di 𝐃𝐨𝐢𝟴𝟴 dapat duet jajan lur"
"2025-06-17 04:17:13","Nyenengin banget situs ⭐𝐄𝐑𝐀𝐉𝐏⭐ bray full senyum awak di buat nya P"
"2025-06-17 04:14:35","Serius deh ⭐𝐄𝐑𝐀𝐉𝐏⭐ gk ngebosenin. Pln"
"2025-06-17 04:03:14","member baru pun langsung pasti di 𝐄𝐑𝐀𝐉𝐏  kasih profit bang gua uda cobain J"
"2025-06-17 03:27:13","Eh cair"" mantab kali emang ni ah ⭐𝐄𝐑𝐀𝐉𝐏⭐  W"
"2025-06-17 03:19:22","Gausah Ragu main di ⭐𝐄𝐑𝐀𝐉𝐏⭐ pasti gacorr abiss boskuh 💯💯 O"
"2025-06-17 02:56:41","👑NEW PROVIDER GGSOFT #SLT138

🔥ADA EVENT SPECIAL GGSOFT 
BONUS PERKALIAN FANTASTIC

💥MAIN & DAPATKAN CUAN LEBIH GAMPANG DI SLT138

LINK DAFTAR :https://www .exhalenevada .com/press"
"2025-06-17 00:11:54","Gue lebih sering hoki di 𝐆𝐔𝐍𝐔𝐍𝐆𝟏𝟔𝟗 mode manual daripada auto. Kalian gimana?"
"2025-06-16 20:09:22","8svip🎖️
https://bit.ly/3FPNqkO
Superspin 🎖️
https://bit.ly/SuperspinTop1
Svip9 🎖️
https://bit.ly/4e5nDlp
6svip🎖️
https://bit.ly/6svipBaruHoky
Svip2🎖️
https://bit.ly/4kC9PkW
7svip🎖️
https://bit.ly/7sviplinkHokybro
Svip5🎖️
https://bit.ly/svip5Mantul
Sky🥇
https://bit.ly/sky99hokybos
Bigwinner 🥇 
https://h5.bigwinner10.com?chn=Nzc3d2luX2lkM19udGxhMTM1&id=OTk1MTI4NzE4
Qt777🥇
https://h5.qt777x.com?chn=bnRfcXQ3NzdfY3Q=&id=Mzc1MTcwMzY3"
"2025-06-16 20:05:05","Duit duit duuuuuuiiiiit"
"2025-06-16 19:27:19","gak perlu banyak cakap kalau mau situs ini #Jeruk123 🍊gacor parah BG"
"2025-06-16 17:58:02","👉 Visit https://salam88bui.com/ and claim your welcome bonus today!"
"2025-06-16 17:46:53","Tengo premios ganancias 🍀y mucho más aquí 3718322798"
"2025-06-16 17:03:28","16.06
🔥𝐁𝟎𝐍𝐔𝐒 𝐒𝐂𝐌𝐉 𝐁𝐀𝐋𝐈 𝟕𝟕𝟕 🔥

❗𝐒𝐄𝐀𝐑𝐂𝐇 𝐆𝐎𝐎𝐆𝐋𝐄 : 𝐁𝐀𝐋𝐈 𝟕𝟕𝟕

𝐒𝐘𝐀𝐑𝐀𝐓 𝐊𝐄𝐓𝐄𝐍𝐓𝐔𝐀𝐍 𝐁𝐄𝐑𝐋𝐀𝐊𝐔.

📢 𝐈𝐍𝐅𝐎 𝐒𝐄𝐋𝐄𝐍𝐆𝐊𝐀𝐏𝐍𝐘𝐀 𝐉𝐎𝐈𝐍 𝐆𝐑𝐔𝐏 𝐓𝐄𝐋𝐄 𝐆𝐑𝐀𝐌 𝐁𝐀𝐋𝐈𝟕𝟕𝟕 

𝐌𝐨𝐝𝐚𝐥 𝐭𝐢𝐩𝐢𝐬𝐬𝐬 𝐜𝐮𝐮𝐚𝐚𝐧 𝐛𝐞𝐫𝐥𝐚𝐩𝐢𝐬𝐬
𝐁𝐄𝐑𝐒𝐀𝐌𝐀 𝐁𝐀𝐋𝐈 𝟕𝟕𝟕, 𝐌𝐄𝐍𝐀𝐍𝐆 𝐊𝐄𝐌𝐁𝐀𝐋𝐈 ✨"
"2025-06-16 15:56:59","Singa🎖️
https://bit.ly/441ZoQl"
"2025-06-16 15:13:18","น่ารักมากเลยค่ะ.#𝗛𝗦𝗪𝗜𝗡𝟱𝟱  Super Bagus  𝗛𝗦𝗪𝗜𝗡𝟱𝟱  💎Super Bagus #💎Very good good💯 
🌊𝗛𝗦𝗪𝗜𝗡𝟱𝟱 🌊𝑺𝒖𝒑𝒆𝒓 𝒃𝒂𝒊𝒌💯🌊𝗛𝗦𝗪𝗜𝗡𝟱𝟱 🌊SUPER BAGUS                                        𝗛𝗦𝗪𝗜𝗡𝟱𝟱                                           SEMOGA REJEKINYA NULAR BOS 🌠🌠𝑺𝒖𝒑𝒆𝒓 𝒃𝒂𝒊𝒌💯🌊𝗛𝗦𝗪𝗜𝗡𝟱𝟱 🌊𝑺𝒖𝒑𝒆𝒓 𝒃𝒂𝒊𝒌💯🌊𝗛𝗦𝗪𝗜𝗡𝟱𝟱 🌊Very good good💯 
🌊𝗛𝗦𝗪𝗜𝗡𝟱𝟱 🌊SUPER BAGUS                                           𝗛𝗦𝗪𝗜𝗡𝟱𝟱                                      SEMOGA REJEKINYA NULAR BOS 🌠🌠"
"2025-06-16 15:13:17","Super Bagus 𝗛𝗦𝗪𝗜𝗡𝟱𝟱
 𝑺𝒖𝒑𝒆𝒓 𝒃𝒂𝒊𝒌 𝗛𝗦𝗪𝗜𝗡𝟱𝟱
 SUPER GREAT 𝗛𝗦𝗪𝗜𝗡𝟱𝟱 ♨️
 สวยงามมาก💯 𝗛𝗦𝗪𝗜𝗡𝟱𝟱"
"2025-06-16 15:13:16","Super Bagus #𝗛𝗦𝗪𝗜𝗡𝟱𝟱 🎱𝚂𝚊𝚗𝚐𝚊𝚝 𝙱𝚊𝚐𝚞𝚜🖤 𝗛𝗦𝗪𝗜𝗡𝟱𝟱 🎱Super Bagus 𝗛𝗦𝗪𝗜𝗡𝟱𝟱 🎱Super Bagus 𝗛𝗦𝗪𝗜𝗡𝟱𝟱🎱𝚂𝚊𝚗𝚐𝚊𝚝 𝙱𝚊𝚐𝚞𝚜🖤 𝗛𝗦𝗪𝗜𝗡𝟱𝟱 Super Baguss 𝗛𝗦𝗪𝗜𝗡𝟱𝟱 Super Hebat 𝗛𝗦𝗪𝗜𝗡𝟱𝟱  Super Baik 𝗛𝗦𝗪𝗜𝗡𝟱𝟱 สวยงามมาก🔥 💥 𝐝𝐢𝐤𝐚𝐬𝐢𝐡 𝐭𝐞𝐫𝐮𝐬 𝐤𝐞𝐫𝐞𝐧 𝐬𝐞𝐤𝐚𝐥𝐢   𝐉𝐚𝐲𝐚 𝐬𝐞𝐥𝐚𝐥𝐮 🎱🎱🎱🎱🎱🎱𝗛𝗦𝗪𝗜𝗡𝟱𝟱 👍"
"2025-06-16 14:50:24","Super Bagus 𝗛𝗦𝗪𝗜𝗡𝟱𝟱
 𝑺𝒖𝒑𝒆𝒓 𝒃𝒂𝒊𝒌 𝗛𝗦𝗪𝗜𝗡𝟱𝟱
 SUPER GREAT 𝗛𝗦𝗪𝗜𝗡𝟱𝟱 ♨️
 สวยงามมาก💯 𝗛𝗦𝗪𝗜𝗡𝟱𝟱"
"2025-06-16 14:46:15","Nyenengin banget situs ⭐𝐄𝐑𝐀𝐉𝐏⭐ bray full senyum awak di buat nya O"
"2025-06-16 14:35:39","Hajar bang bo 𝗣𝗢𝗔𝟴𝟴 masih harum mahyongg2 nya sc nya harum bawa 50k dikaseh 2 jtaan kwkwk"
"2025-06-16 14:20:36","16.06
✨𝐁𝐍𝐔𝐒 𝟏𝟎𝟎% 𝐁𝐀𝐋𝐈 𝟕𝟕𝟕✨

✅ 𝐊𝐇𝐔𝐒𝐔𝐒 𝐌𝐌𝐁𝐄𝐑 𝐁𝐀𝐑𝐔 𝐁𝐀𝐋𝐈 𝟕𝟕𝟕
✅ 𝐓𝐄𝐑𝐒𝐄𝐃𝐈𝐀 𝐁𝟎𝐍𝐔𝐒 𝐀𝐖𝐀𝐋 𝐃𝐀𝐍 𝐀𝐊𝐇𝐈𝐑
✅  𝐀𝐋𝐋 𝐒𝐋 𝟎𝐓
✅ 𝐓𝐀𝐍𝐏𝐀 𝐌𝐗𝐖𝐄𝐃𝐄
✅ 𝐁𝐄𝐁𝐀𝐒 𝐁𝐔𝐘 𝐒𝐏!𝐍

📌 𝐂𝐋𝐀𝐈𝐌 𝐊𝐄 𝐆𝐑𝐔𝐏 𝐓𝐋𝐄𝐆𝐑𝐀𝐌 𝐁𝐀𝐋𝐈 𝟕𝟕𝟕"
"2025-06-16 14:03:26","Super Bagus 𝗛𝗦𝗪𝗜𝗡𝟱𝟱
 𝑺𝒖𝒑𝒆𝒓 𝒃𝒂𝒊𝒌 𝗛𝗦𝗪𝗜𝗡𝟱𝟱
 SUPER GREAT 𝗛𝗦𝗪𝗜𝗡𝟱𝟱 ♨️
 สวยงามมาก💯 𝗛𝗦𝗪𝗜𝗡𝟱𝟱"
"2025-06-16 14:03:25","Super Bagus #𝗛𝗦𝗪𝗜𝗡𝟱𝟱 🎱𝚂𝚊𝚗𝚐𝚊𝚝 𝙱𝚊𝚐𝚞𝚜🖤 𝗛𝗦𝗪𝗜𝗡𝟱𝟱 🎱Super Bagus 𝗛𝗦𝗪𝗜𝗡𝟱𝟱 🎱Super Bagus 𝗛𝗦𝗪𝗜𝗡𝟱𝟱🎱𝚂𝚊𝚗𝚐𝚊𝚝 𝙱𝚊𝚐𝚞𝚜🖤 𝗛𝗦𝗪𝗜𝗡𝟱𝟱 Super Baguss 𝗛𝗦𝗪𝗜𝗡𝟱𝟱 Super Hebat 𝗛𝗦𝗪𝗜𝗡𝟱𝟱  Super Baik 𝗛𝗦𝗪𝗜𝗡𝟱𝟱 สวยงามมาก🔥 💥 𝐝𝐢𝐤𝐚𝐬𝐢𝐡 𝐭𝐞𝐫𝐮𝐬 𝐤𝐞𝐫𝐞𝐧 𝐬𝐞𝐤𝐚𝐥𝐢   𝐉𝐚𝐲𝐚 𝐬𝐞𝐥𝐚𝐥𝐮 🎱🎱🎱🎱🎱🎱𝗛𝗦𝗪𝗜𝗡𝟱𝟱 👍"
"2025-06-16 14:02:14","member baru pun langsung pasti di 𝐄𝐑𝐀𝐉𝐏  kasih profit bang gua uda cobain T"
"2025-06-16 13:32:45","Main di SitusOKEBET303 udah pasti cuan ngab, gua udah nyobain beneran dikasi propit"
"2025-06-16 13:30:46","Kontroversi"
"2025-06-16 13:30:33","Ambul"
"2025-06-16 13:30:21","Gemoy"
"2025-06-16 13:28:47","Pisang goreng"
"2025-06-16 13:28:27","Gudang duit"
"2025-06-16 13:28:22","Duit truuus"
"2025-06-16 13:26:59","Coba ini
E88vip.🎖️
https://bit.ly/4kOAtqL
X8vip.🎖️
https://bit.ly/x88vipTopjoss
Rr77 🎖️
https://bit.ly/rr777jpPaus2
Cv7 🎖️
https://bit.ly/cv7Mantapjooss
V98 🎖️
https://bit.ly/3Hs87nA
E88vip.🎖️
https://bit.ly/E88gAcorJoss2
Superspin 🥇
https://bit.ly/SuperspinTop1
9zk 🥇
https://s.id/YJYCW"
"2025-06-16 13:26:14","Eh cair"" mantab kali emang ni ah ⭐𝐄𝐑𝐀𝐉𝐏⭐  M"
"2025-06-16 13:05:10","super oke 👉 𝐑𝐀𝐌𝐀𝐓𝐎𝐆𝐄𝐋
super oke 👉 𝐑𝐀𝐌𝐀𝐓𝐎𝐆𝐄𝐋
super oke 👉 𝐑𝐀𝐌𝐀𝐓𝐎𝐆𝐄𝐋
super oke 👉 𝐑𝐀𝐌𝐀𝐓𝐎𝐆𝐄𝐋
super oke 👉 𝐑𝐀𝐌𝐀𝐓𝐎𝐆𝐄𝐋"
"2025-06-16 12:31:30","gak perlu banyak cakap kalau mau situs ini #Jeruk123 🍊gacor parah BG"
"2025-06-16 12:31:29","gak perlu banyak cakap kalau mau situs ini #Jeruk123 🍊gacor parah BG"
"2025-06-16 12:10:29","super oke 👉 𝐑𝐀𝐌𝐀𝐓𝐎𝐆𝐄𝐋
super oke 👉 𝐑𝐀𝐌𝐀𝐓𝐎𝐆𝐄𝐋
super oke 👉 𝐑𝐀𝐌𝐀𝐓𝐎𝐆𝐄𝐋
super oke 👉 𝐑𝐀𝐌𝐀𝐓𝐎𝐆𝐄𝐋
super oke 👉 𝐑𝐀𝐌𝐀𝐓𝐎𝐆𝐄𝐋"
"2025-06-16 10:55:13","Aplikasi miskin"
"2025-06-16 10:53:53","16.06
✨𝐁𝐍𝐔𝐒 𝟏𝟎𝟎% 𝐁𝐀𝐋𝐈 𝟕𝟕𝟕✨

✅ 𝐊𝐇𝐔𝐒𝐔𝐒 𝐌𝐌𝐁𝐄𝐑 𝐁𝐀𝐑𝐔 𝐁𝐀𝐋𝐈 𝟕𝟕𝟕
✅ 𝐓𝐄𝐑𝐒𝐄𝐃𝐈𝐀 𝐁𝟎𝐍𝐔𝐒 𝐀𝐖𝐀𝐋 𝐃𝐀𝐍 𝐀𝐊𝐇𝐈𝐑
✅  𝐀𝐋𝐋 𝐒𝐋 𝟎𝐓
✅ 𝐓𝐀𝐍𝐏𝐀 𝐌𝐗𝐖𝐄𝐃𝐄
✅ 𝐁𝐄𝐁𝐀𝐒 𝐁𝐔𝐘 𝐒𝐏!𝐍

📌 𝐂𝐋𝐀𝐈𝐌 𝐊𝐄 𝐆𝐑𝐔𝐏 𝐓𝐋𝐄𝐆𝐑𝐀𝐌 𝐁𝐀𝐋𝐈 𝟕𝟕𝟕"
"2025-06-16 09:51:44","Kalo mau main slot, harusnya main di 𝐌𝐏𝐎𝐒𝐔𝐍. Mereka punya semuanya! 💯🎰"
"2025-06-16 09:40:51","super mantap👉 𝐑𝐀𝐌𝐀𝐓𝐎𝐆𝐄𝐋
super mantap👉 𝐑𝐀𝐌𝐀𝐓𝐎𝐆𝐄𝐋
super mantap👉 𝐑𝐀𝐌𝐀𝐓𝐎𝐆𝐄𝐋
super mantap👉 𝐑𝐀𝐌𝐀𝐓𝐎𝐆𝐄𝐋
super mantap👉 𝐑𝐀𝐌𝐀𝐓𝐎𝐆𝐄𝐋"
"2025-06-16 07:32:22","GGSOFT #PANEN77
NEW MEMBER SEKALI DAFTAR PASTI MELEDAK 1000%

NEW GAME PANEN77
MODAL 50RB BISA LANGSUNG JP 10JT 

LINK DAFTAR :https://www .pascaunhas .net/spanel/"
"2025-06-16 05:41:27","Svip6 aplikasi bangsat,,, anjing,,, busuk,,, bangkai,,, miskin penipuan"
"2025-06-16 05:41:00","Emang gak ada yang se-mantep💦𝐄𝐑𝐀𝐉𝐏💦 deh. r"
"2025-06-16 05:37:28","bosen x250 turun terus main kakek di situs 💦𝐄𝐑𝐀𝐉𝐏💦 P"
"2025-06-15 20:53:08","Aplikasi sedot WC,,, 6SVIP NEW APK 777"
"2025-06-15 17:23:10","https://www.7svipa.com?chn=bnRfN3N2aXBfY202&id=ODAyNjI1NTIz"
"2025-06-15 17:23:08","https://www.7svipa.com?chn=bnRfN3N2aXBfY202&id=ODAyNjI1NTIz"
"2025-06-15 16:47:34","Super Bagus #𝗛𝗦𝗪𝗜𝗡𝟱𝟱💎Very good good💯  🌊𝗛𝗦𝗪𝗜𝗡𝟱𝟱🌊𝑺𝒖𝒑𝒆𝒓 𝒃𝒂𝒊𝒌💯🌊𝗛𝗦𝗪𝗜𝗡𝟱𝟱🌊SUPER BAGUS                                        𝗛𝗦𝗪𝗜𝗡𝟱𝟱                                        SEMOGA REJEKINYA NULAR BOS 🌠🌠𝑺𝒖𝒑𝒆𝒓 𝒃𝒂𝒊𝒌💯🌊𝗛𝗦𝗪𝗜𝗡𝟱𝟱🌊𝑺𝒖𝒑𝒆𝒓 𝒃𝒂𝒊𝒌💯🌊𝗛𝗦𝗪𝗜𝗡𝟱𝟱🌊Very good good💯  🌊𝗛𝗦𝗪𝗜𝗡𝟱𝟱🌊SUPER BAGUS                                       𝗛𝗦𝗪𝗜𝗡𝟱𝟱                                          SEMOGA REJEKINYA NULAR BOS 🌠🌠"
"2025-06-15 16:47:32","น่ารักมากเลยค่ะ.#𝗛𝗦𝗪𝗜𝗡𝟱𝟱  Super Bagus  𝗛𝗦𝗪𝗜𝗡𝟱𝟱  💎Super Bagus #💎Very good good💯 
🌊𝗛𝗦𝗪𝗜𝗡𝟱𝟱 🌊𝑺𝒖𝒑𝒆𝒓 𝒃𝒂𝒊𝒌💯🌊𝗛𝗦𝗪𝗜𝗡𝟱𝟱 🌊SUPER BAGUS                                        𝗛𝗦𝗪𝗜𝗡𝟱𝟱                                           SEMOGA REJEKINYA NULAR BOS 🌠🌠𝑺𝒖𝒑𝒆𝒓 𝒃𝒂𝒊𝒌💯🌊𝗛𝗦𝗪𝗜𝗡𝟱𝟱 🌊𝑺𝒖𝒑𝒆𝒓 𝒃𝒂𝒊𝒌💯🌊𝗛𝗦𝗪𝗜𝗡𝟱𝟱 🌊Very good good💯 
🌊𝗛𝗦𝗪𝗜𝗡𝟱𝟱 🌊SUPER BAGUS                                           𝗛𝗦𝗪𝗜𝗡𝟱𝟱                                      SEMOGA REJEKINYA NULAR BOS 🌠🌠"
"2025-06-15 16:47:31","Super Bagus 𝗛𝗦𝗪𝗜𝗡𝟱𝟱
 𝑺𝒖𝒑𝒆𝒓 𝒃𝒂𝒊𝒌 𝗛𝗦𝗪𝗜𝗡𝟱𝟱
 SUPER GREAT 𝗛𝗦𝗪𝗜𝗡𝟱𝟱 ♨️
 สวยงามมาก💯 𝗛𝗦𝗪𝗜𝗡𝟱𝟱"
"2025-06-15 16:47:30","Super Bagus #𝗛𝗦𝗪𝗜𝗡𝟱𝟱 🎱𝚂𝚊𝚗𝚐𝚊𝚝 𝙱𝚊𝚐𝚞𝚜🖤 𝗛𝗦𝗪𝗜𝗡𝟱𝟱 🎱Super Bagus 𝗛𝗦𝗪𝗜𝗡𝟱𝟱 🎱Super Bagus 𝗛𝗦𝗪𝗜𝗡𝟱𝟱🎱𝚂𝚊𝚗𝚐𝚊𝚝 𝙱𝚊𝚐𝚞𝚜🖤 𝗛𝗦𝗪𝗜𝗡𝟱𝟱 Super Baguss 𝗛𝗦𝗪𝗜𝗡𝟱𝟱 Super Hebat 𝗛𝗦𝗪𝗜𝗡𝟱𝟱  Super Baik 𝗛𝗦𝗪𝗜𝗡𝟱𝟱 สวยงามมาก🔥 💥 𝐝𝐢𝐤𝐚𝐬𝐢𝐡 𝐭𝐞𝐫𝐮𝐬 𝐤𝐞𝐫𝐞𝐧 𝐬𝐞𝐤𝐚𝐥𝐢   𝐉𝐚𝐲𝐚 𝐬𝐞𝐥𝐚𝐥𝐮 🎱🎱🎱🎱🎱🎱𝗛𝗦𝗪𝗜𝗡𝟱𝟱 👍"
"2025-06-15 11:38:32","https://www.svip5k.com?chn=bnRfc3ZpcDVfY20y&id=NjE1OTAyOTcy"
"2025-06-15 11:38:29","https://www.svip5k.com?chn=bnRfc3ZpcDVfY20y&id=NjE1OTAyOTcy"
"2025-06-15 11:38:26","https://www.svip5k.com?chn=bnRfc3ZpcDVfY20y&id=NjE1OTAyOTcy"
"2025-06-15 11:38:23","https://www.svip5k.com?chn=bnRfc3ZpcDVfY20y&id=NjE1OTAyOTcy"
"2025-06-15 07:52:49","https://www.svip2f.com?chn=c3ZpcDJfaWQ4X250bGExMDY=&id=ODcyMDQzNDY3"
"2025-06-14 07:14:06","bangkai semua tu boskuuu"
"2025-06-13 22:23:22","https://www.8svipw.com?chn=OHN2aXBfaWQ3X250bGExMg==&id=ODMxNzY3Mjcy"
"2025-06-12 14:29:02","https://bigwinner6.com?chn=bnRfNzc3d2luX2Jn&id=Nzc0NTUwMTY2"
"2025-06-11 12:20:53","Gas"
"2025-06-11 12:08:00","Svip2
https://www.svip2f.com?chn=bnRfc3ZpcDJfY20y&id=NDM4OTc5NDky"
"2025-06-11 11:36:43","Superspin 
https://s.id/Superspintopbro"
"2025-06-11 11:35:46","@sorotan"
"2025-06-10 06:02:53","#terbaru"
